Date,Open,High,Low,Close,Volume,Stock Trading
"2019-01-04","54100","54650","52310","53300","1370300","53300"
"2019-01-07","54720","55470","53870","53870","1335700","53870"
"2019-01-08","54790","54810","53170","53670","1079100","53670"
"2019-01-09","54010","54090","53050","53200","875600","53200"
"2019-01-10","52620","53180","52020","52060","940300","52060"
"2019-01-11","52450","55850","52310","55280","2563500","55280"
"2019-01-15","55300","55650","53110","53330","1211600","53330"
"2019-01-16","52960","53090","51340","52100","1090600","52100"
"2019-01-17","52250","52590","50730","50840","1020500","50840"
"2019-01-18","51000","51540","50380","51430","1034500","51430"
"2019-01-21","51550","52060","51050","51320","830500","51320"
"2019-01-22","51310","51430","50680","51060","815600","51060"
"2019-01-23","50320","52120","50210","51230","1131800","51230"
"2019-01-24","51220","51280","49640","49640","1039000","49640"
"2019-01-25","49640","50400","49350","49850","1045900","49850"
"2019-01-28","49750","50460","49720","50170","591100","50170"
"2019-01-29","50130","50600","49810","50580","772900","50580"
"2019-01-30","50400","50580","49860","49910","598000","49910"
"2019-01-31","50500","50570","49730","49830","745600","49830"
"2019-02-01","50050","51140","49910","50810","972500","50810"
"2019-02-04","50810","51010","50230","50540","529400","50540"
"2019-02-05","50110","50250","48600","49100","876800","49100"
"2019-02-06","49210","49800","48830","49350","789900","49350"
"2019-02-07","48810","49000","47880","48020","750500","48020"
"2019-02-08","47320","48650","47040","47780","1171900","47780"
"2019-02-12","48080","49520","47820","49220","1063700","49220"
"2019-02-13","49980","50290","49160","49160","785600","49160"
"2019-02-14","49320","49740","48840","49370","544800","49370"
"2019-02-15","49230","49230","48320","48720","665000","48720"
"2019-02-18","49400","50800","49280","50620","745200","50620"
"2019-02-19","50360","50900","49960","50300","626600","50300"
"2019-02-20","50280","50610","50130","50340","430400","50340"
"2019-02-21","50600","51330","50440","51090","747800","51090"
"2019-02-22","51050","51630","50730","51110","591100","51110"
"2019-02-25","51620","51770","51130","51450","527000","51450"
"2019-02-26","51850","51920","50750","50890","551800","50890"
"2019-02-27","50850","52320","50710","52250","710100","52250"
"2019-02-28","52450","52530","51780","52160","641000","52160"
"2019-03-01","52440","53430","52430","53270","729200","53270"
"2019-03-04","54000","54030","53210","53410","605300","53410"
"2019-03-05","53770","55120","53480","54480","941000","54480"
"2019-03-06","53970","54120","52680","53110","948100","53110"
"2019-03-07","52800","53530","52800","53410","704300","53410"
"2019-03-08","53410","53480","51930","52210","1447900","52210"
"2019-03-11","52380","52830","51690","52440","670600","52440"
"2019-03-12","53100","54100","52770","53940","836800","53940"
"2019-03-13","53800","54050","53070","53480","655200","53480"
"2019-03-14","54070","54760","53470","53710","671100","53710"
"2019-03-15","53920","54170","53380","53490","724700","53490"
"2019-03-18","53830","54110","53540","53780","387100","53780"
"2019-03-19","53780","53950","53490","53950","417400","53950"
"2019-03-20","53800","54420","53730","54320","555700","54320"
"2019-03-22","54870","54910","53470","53940","626500","53940"
"2019-03-25","53000","53310","52420","52630","688200","52630"
"2019-03-26","52980","53220","52170","52760","744800","52760"
"2019-03-27","52700","52910","51880","52880","839500","52880"
"2019-03-28","52770","52830","52180","52320","762600","52320"
"2019-03-29","52530","52700","51830","52030","727700","52030"
"2019-04-01","52540","53490","52340","52490","862700","52490"
"2019-04-02","53180","53180","51750","51800","689200","51800"
"2019-04-03","53010","54670","52620","54620","1684000","54620"
"2019-04-04","54800","54810","53840","54480","745400","54480"
"2019-04-05","54400","54880","54210","54560","515800","54560"
"2019-04-08","55080","55570","54740","54770","709000","54770"
"2019-04-09","54800","55100","54640","54840","363200","54840"
"2019-04-10","54730","55560","54650","55220","666300","55220"
"2019-04-11","55600","55740","54980","55500","702400","55500"
"2019-04-12","57500","59980","57360","59880","2249600","59880"
"2019-04-15","60510","60690","59400","60430","878900","60430"
"2019-04-16","60410","61900","60350","61830","1066400","61830"
"2019-04-17","62100","62470","61710","62400","1030300","62400"
"2019-04-18","62710","63330","62460","63270","991000","63270"
"2019-04-19","63980","64680","63620","64590","741000","64590"
"2019-04-22","65080","65490","64010","64530","730300","64530"
"2019-04-23","63560","63560","62260","63340","989500","63340"
"2019-04-24","63420","64480","63300","64420","860600","64420"
"2019-04-25","64030","64470","63340","64140","789000","64140"
"2019-04-26","64230","64600","63670","64260","612100","64260"
"2019-05-07","63500","63970","63000","63300","719700","63300"
"2019-05-08","62020","64150","62020","64150","977700","64150"
"2019-05-09","63950","65040","63930","64970","872000","64970"
"2019-05-10","65140","65970","64600","65400","1297000","65400"
"2019-05-13","64440","64740","63690","64410","741900","64410"
"2019-05-14","63630","64300","62950","64110","916300","64110"
"2019-05-15","64340","64350","63380","63890","649200","63890"
"2019-05-16","63810","64380","63350","63900","658400","63900"
"2019-05-17","64300","64890","64120","64550","628600","64550"
"2019-05-20","64990","65740","64930","64950","658500","64950"
"2019-05-21","64960","65720","64680","65080","641500","65080"
"2019-05-22","65500","65710","65040","65700","547900","65700"
"2019-05-23","65790","66580","65420","66060","784600","66060"
"2019-05-24","66000","66010","65070","65540","610600","65540"
"2019-05-27","65980","66440","65750","66410","453800","66410"
"2019-05-28","66490","66710","66210","66360","476500","66360"
"2019-05-29","65820","66240","65020","65180","585300","65180"
"2019-05-30","64940","65180","63740","64170","820100","64170"
"2019-05-31","63770","63830","62630","62770","933800","62770"
"2019-06-03","62270","63310","62050","63110","863000","63110"
"2019-06-04","63430","63830","62690","63290","659300","63290"
"2019-06-05","63520","63580","62310","62310","906900","62310"
"2019-06-06","62630","64220","62510","64080","820700","64080"
"2019-06-07","64490","64760","63590","64150","751000","64150"
"2019-06-10","64770","65600","64160","64420","890200","64420"
"2019-06-11","64050","64270","63130","63310","581100","63310"
"2019-06-12","63660","64920","63420","64840","893900","64840"
"2019-06-13","64770","65540","64620","64900","670300","64900"
"2019-06-14","65170","66060","64910","66060","939700","66060"
"2019-06-17","66410","67060","65930","66930","655400","66930"
"2019-06-18","67300","67330","66010","66310","644300","66310"
"2019-06-19","67000","67250","66290","66840","680900","66840"
"2019-06-20","67210","68000","66760","67500","786900","67500"
"2019-06-21","67800","68040","66050","66100","788900","66100"
"2019-06-24","66210","66780","65770","66530","519700","66530"
"2019-06-25","66390","66580","65560","66090","538100","66090"
"2019-06-26","65600","65840","64950","65400","493600","65400"
"2019-06-27","65400","65460","64620","65390","512400","65390"
"2019-06-28","65490","66050","64790","65130","791000","65130"
"2019-07-01","65700","66140","65380","65740","607100","65740"
"2019-07-02","65400","65740","64920","65090","484800","65090"
"2019-07-03","66520","67830","66320","66830","1322000","66830"
"2019-07-04","66830","67240","65430","65640","744700","65640"
"2019-07-05","65780","66290","64830","65570","665400","65570"
"2019-07-08","65410","65670","64760","65410","670200","65410"
"2019-07-09","65570","66420","65500","66420","657000","66420"
"2019-07-10","66400","67450","66400","66880","818600","66880"
"2019-07-11","67170","67720","66070","67650","678700","67650"
"2019-07-12","68000","69900","66860","69810","1627900","69810"
"2019-07-16","70000","70230","69440","69470","666300","69470"
"2019-07-17","69620","69670","68300","69030","676400","69030"
"2019-07-18","68760","69390","68470","68680","764500","68680"
"2019-07-19","68810","68890","67120","68440","1053000","68440"
"2019-07-22","68020","68500","67520","68460","650700","68460"
"2019-07-23","68530","69100","68090","68200","598500","68200"
"2019-07-24","68060","68420","67600","67910","541200","67910"
"2019-07-25","67710","68110","67260","67260","485200","67260"
"2019-07-26","67500","67930","67090","67250","403500","67250"
"2019-07-29","67310","67630","66540","66750","473500","66750"
"2019-07-30","67180","67180","66580","66860","430500","66860"
"2019-07-31","66510","66510","65490","65550","777800","65550"
"2019-08-01","65380","65880","64830","65760","598600","65760"
"2019-08-02","64760","65430","64280","65150","877800","65150"
"2019-08-05","65330","65730","64010","64450","859800","64450"
"2019-08-06","63450","63890","62750","63730","842300","63730"
"2019-08-07","63940","64170","63030","63310","508200","63310"
"2019-08-08","63500","64400","63220","64090","499600","64090"
"2019-08-09","64620","64640","63530","63580","729700","63580"
"2019-08-13","62480","63110","62260","62800","581400","62800"
"2019-08-14","63410","63890","62960","63680","601200","63680"
"2019-08-15","63150","63200","62120","62440","816600","62440"
"2019-08-16","62310","62560","61820","62380","553600","62380"
"2019-08-19","62810","63070","62420","62900","393300","62900"
"2019-08-20","63100","63110","62670","62710","388200","62710"
"2019-08-21","62370","63470","62270","63470","389900","63470"
"2019-08-22","64000","64140","63150","63230","437500","63230"
"2019-08-23","63000","63990","62950","63940","439800","63940"
"2019-08-26","62640","62730","61230","61230","1050000","61230"
"2019-08-27","61800","62530","61530","62330","647000","62330"
"2019-08-28","62380","62600","61860","62450","445500","62450"
"2019-08-29","62350","62660","62150","62570","387100","62570"
"2019-08-30","63260","63270","62240","62240","506300","62240"
"2019-09-02","61750","62350","61650","62030","431100","62030"
"2019-09-03","62030","62280","61640","62190","487500","62190"
"2019-09-04","62400","63510","62320","62730","617700","62730"
"2019-09-05","63270","64370","62820","63990","884400","63990"
"2019-09-06","64710","65790","64430","65150","941500","65150"
"2019-09-09","65050","65480","64650","64680","535000","64680"
"2019-09-10","64800","65700","64480","65570","556500","65570"
"2019-09-11","65720","65800","64670","64780","537900","64780"
"2019-09-12","65270","65550","64210","64210","694200","64210"
"2019-09-13","65210","65780","64610","64610","1481000","64610"
"2019-09-17","64700","65040","64250","64840","602900","64840"
"2019-09-18","65200","65840","65020","65260","587700","65260"
"2019-09-19","65720","66440","65200","65220","672300","65220"
"2019-09-20","65300","65740","65110","65740","430600","65740"
"2019-09-24","65860","65920","64670","64980","534500","64980"
"2019-09-25","64580","65020","64140","64230","563000","64230"
"2019-09-26","64190","64220","63380","64070","570000","64070"
"2019-09-27","64000","64370","63490","63860","636700","63860"
"2019-09-30","63950","64430","63760","64210","611400","64210"
"2019-10-01","64210","64210","63490","63500","498200","63500"
"2019-10-02","63400","63930","63290","63760","488800","63760"
"2019-10-03","62810","62900","61280","61280","899800","61280"
"2019-10-04","61340","61680","60410","60900","698200","60900"
"2019-10-07","60980","61230","60400","60450","372500","60450"
"2019-10-08","60700","61440","60520","61160","475700","61160"
"2019-10-09","60620","61310","60540","61080","470400","61080"
"2019-10-10","61030","61930","60910","61650","602000","61650"
"2019-10-11","64100","64100","62860","63270","1143200","63270"
"2019-10-15","63610","65450","63420","65450","864200","65450"
"2019-10-16","66690","68340","66600","68000","1216200","68000"
"2019-10-17","67860","68500","67850","68260","650700","68260"
"2019-10-18","68500","69780","68380","69500","885200","69500"
"2019-10-21","69800","69800","68540","69270","581800","69270"
"2019-10-23","69910","70180","68950","69020","660500","69020"
"2019-10-24","69020","69460","68260","68440","492200","68440"
"2019-10-25","68000","68430","67880","68000","470200","68000"
"2019-10-28","68140","68330","67760","68190","286600","68190"
"2019-10-29","68250","68710","67700","67710","368000","67710"
"2019-10-30","67360","67360","66170","66190","720900","66190"
"2019-10-31","66990","67780","66790","67050","624400","67050"
"2019-11-01","66780","67670","66570","67670","395500","67670"
"2019-11-05","68900","68960","68060","68450","537400","68450"
"2019-11-06","68330","69140","67940","68660","401100","68660"
"2019-11-07","68770","69110","68110","69110","379800","69110"
"2019-11-08","69890","69960","67910","68170","815900","68170"
"2019-11-11","67900","68090","67460","67580","310600","67580"
"2019-11-12","67900","68870","67800","68760","448400","68760"
"2019-11-13","68390","68620","67280","67500","509200","67500"
"2019-11-14","67690","68030","66950","67440","434300","67440"
"2019-11-15","67330","67860","67130","67470","433800","67470"
"2019-11-18","67590","67910","66960","67860","382300","67860"
"2019-11-19","67740","67740","66920","66920","413700","66920"
"2019-11-20","66670","66980","65960","66090","464100","66090"
"2019-11-21","66100","66700","65510","66230","523700","66230"
"2019-11-22","66280","66540","66030","66320","290200","66320"
"2019-11-25","66720","67100","66340","66530","272800","66530"
"2019-11-26","66850","67350","66590","66830","441800","66830"
"2019-11-27","67010","67120","66750","66770","295400","66770"
"2019-11-28","66760","66870","66270","66660","291500","66660"
"2019-11-29","67070","67170","66580","66690","372600","66690"
"2019-12-02","66930","67890","66770","67800","414500","67800"
"2019-12-03","67320","67660","67040","67200","446800","67200"
"2019-12-04","65500","65640","63700","63700","1335100","63700"
"2019-12-05","63900","64660","63600","63710","658200","63710"
"2019-12-06","63950","64220","63510","63920","413300","63920"
"2019-12-09","64540","64640","64090","64300","417700","64300"
"2019-12-10","63910","64280","63710","64040","372900","64040"
"2019-12-11","63970","64480","63720","64480","381900","64480"
"2019-12-12","64490","64640","64130","64450","351400","64450"
"2019-12-13","65700","67300","65570","67280","1479100","67280"
"2019-12-16","66820","67360","66720","66990","435100","66990"
"2019-12-17","67480","67870","67280","67640","435100","67640"
"2019-12-18","67230","67720","66980","67020","365700","67020"
"2019-12-19","66960","66980","66280","66420","301300","66420"
"2019-12-20","66550","66970","66170","66650","323000","66650"
"2019-12-23","66800","66910","66400","66590","214200","66590"
"2019-12-24","66690","66830","66490","66750","201800","66750"
"2019-12-25","66760","67230","66620","66860","249700","66860"
"2019-12-26","66800","67270","66650","67220","241000","67220"
"2019-12-27","66940","67310","65820","65870","509300","65870"
"2019-12-30","65770","66100","65000","65000","521500","65000"
"2020-01-06","63790","63800","62870","63050","753300","63050"
"2020-01-07","63320","63490","62450","63250","726700","63250"
"2020-01-08","62460","62690","61610","62080","834200","62080"
"2020-01-09","63000","63840","62420","63760","910400","63760"
"2020-01-10","63000","63310","61700","61990","1676500","61990"
"2020-01-14","62670","64440","62550","63340","971000","63340"
"2020-01-15","62900","64340","62890","64320","693000","64320"
"2020-01-16","64590","65290","64580","65210","617000","65210"
"2020-01-17","65660","66000","65220","65230","628000","65230"
"2020-01-20","65100","65170","64080","64200","355100","64200"
"2020-01-21","64060","64310","63230","63330","606600","63330"
"2020-01-22","62780","63580","62490","63180","503400","63180"
"2020-01-23","62380","62790","62180","62180","693700","62180"
"2020-01-24","62000","62210","61780","61970","427500","61970"
"2020-01-27","60200","60360","58370","58460","1022000","58460"
"2020-01-28","57800","58970","57750","58690","687500","58690"
"2020-01-29","59000","59550","58470","59410","654000","59410"
"2020-01-30","59020","59250","58380","58640","611400","58640"
"2020-01-31","58880","59760","58710","59340","610500","59340"
"2020-02-03","57360","58000","56780","57600","917000","57600"
"2020-02-04","57000","57950","56910","57760","670700","57760"
"2020-02-05","58210","58400","57550","57600","531600","57600"
"2020-02-06","58600","59900","58330","59500","871600","59500"
"2020-02-07","59350","59430","58500","58520","521600","58520"
"2020-02-10","57920","58860","57810","58660","485600","58660"
"2020-02-12","58810","59230","58490","59180","466000","59180"
"2020-02-13","59800","60650","59380","60560","791500","60560"
"2020-02-14","60160","60250","59350","59470","578500","59470"
"2020-02-17","58900","58900","57930","58570","504600","58570"
"2020-02-18","58600","59520","58570","58900","518700","58900"
"2020-02-19","58840","60050","58830","59990","603500","59990"
"2020-02-20","60800","61180","59400","59640","686700","59640"
"2020-02-21","58800","59530","58510","58860","486100","58860"
"2020-02-25","55860","56970","55460","56420","925300","56420"
"2020-02-26","55670","56390","55560","56330","968500","56330"
"2020-02-27","55570","55960","54500","55000","1104200","55000"
"2020-02-28","53070","53840","52170","53440","1445500","53440"
"2020-03-02","53000","55150","52800","54270","1271000","54270"
"2020-03-03","55700","55700","53490","53520","959600","53520"
"2020-03-04","53850","54990","53710","54140","1065700","54140"
"2020-03-05","54790","55270","54240","55040","1079300","55040"
"2020-03-06","54500","54820","54010","54770","1071700","54770"
"2020-03-09","53030","53530","51310","53120","1676500","53120"
"2020-03-10","52350","53090","50750","52750","1438000","52750"
"2020-03-11","52750","53390","51450","51750","1357300","51750"
"2020-03-12","50750","51100","47870","48850","2399200","48850"
"2020-03-13","44290","48400","44120","46230","3843600","46230"
"2020-03-16","46370","48160","44890","46000","1874300","46000"
"2020-03-17","44980","47480","43700","43780","1964900","43780"
"2020-03-18","43400","44000","40820","40900","2212200","40900"
"2020-03-19","41460","42100","39910","40190","2508500","40190"
"2020-03-23","40750","41900","40010","40750","1729200","40750"
"2020-03-24","42710","46730","42210","46370","2148700","46370"
"2020-03-25","48350","50630","47850","50440","1908100","50440"
"2020-03-26","47780","47800","43650","43800","1819900","43800"
"2020-03-27","46280","46500","43000","44430","2070600","44430"
"2020-03-30","42240","43650","42010","43340","1389100","43340"
"2020-03-31","44000","45180","43230","44190","1541800","44190"
"2020-04-02","41700","42070","40010","40940","1678300","40940"
"2018-01-04","45580","46630","45510","46440","997900","46440"
"2018-01-05","46730","47100","46170","46840","731100","46840"
"2018-01-09","47870","47960","47270","47390","734500","47390"
"2018-01-10","47420","47490","46800","46800","464700","46800"
"2018-01-11","46990","47220","46540","46800","525900","46800"
"2018-01-12","48000","50150","47790","49610","2041000","49610"
"2018-01-15","50150","50260","49340","49540","809500","49540"
"2018-01-16","49580","51110","49400","50940","831600","50940"
"2018-01-17","50060","50560","49690","50380","1085800","50380"
"2018-01-18","51200","51580","50310","50550","1268400","50550"
"2018-01-19","50720","50850","50240","50300","608800","50300"
"2018-01-22","50000","50120","49570","49920","465100","49920"
"2018-01-23","50350","50990","49840","50850","736900","50850"
"2018-01-24","50840","51120","50280","50570","527400","50570"
"2018-01-25","49950","50130","49260","49320","677500","49320"
"2018-01-26","49780","50070","49270","49510","686400","49510"
"2018-01-29","49720","50070","49160","49440","586600","49440"
"2018-01-30","49100","49320","48210","48330","741700","48330"
"2018-01-31","48330","49330","48100","48690","796800","48690"
"2018-02-01","49020","49620","48710","49590","508300","49590"
"2018-02-02","48960","49080","48420","48620","646600","48620"
"2018-02-05","46620","47290","46350","46540","1194300","46540"
"2018-02-06","44270","45160","42580","44000","2175200","44000"
"2018-02-07","45350","45510","43240","43380","1485700","43380"
"2018-02-08","43370","43610","42330","43070","1202500","43070"
"2018-02-09","41220","41920","41050","41480","1665700","41480"
"2018-02-13","42000","42140","41010","41020","1009500","41020"
"2018-02-14","41120","41400","40450","40980","1052200","40980"
"2018-02-15","41500","42190","41300","41840","971700","41840"
"2018-02-16","41840","42830","41520","42600","883900","42600"
"2018-02-19","43000","43780","42840","43670","776200","43670"
"2018-02-20","43350","43400","42610","42710","634900","42710"
"2018-02-21","42560","43600","42260","42940","884300","42940"
"2018-02-22","42240","42530","41960","42330","770000","42330"
"2018-02-23","42440","42720","42080","42680","572900","42680"
"2018-02-26","43210","43520","42980","43330","569700","43330"
"2018-02-27","43920","44220","43570","43670","795000","43670"
"2018-02-28","43340","43450","42570","42570","737300","42570"
"2018-03-01","42090","42470","41880","42080","780900","42080"
"2018-03-02","40600","41370","40420","40980","1286200","40980"
"2018-03-05","41350","41960","41170","41870","764100","41870"
"2018-03-06","42830","43220","42550","43100","764900","43100"
"2018-03-07","42690","43090","42220","42470","882000","42470"
"2018-03-08","43040","43220","41980","42170","806100","42170"
"2018-03-09","42540","43640","42240","42400","1587800","42400"
"2018-03-12","43640","43960","42610","43010","778600","43010"
"2018-03-13","42820","43190","42360","43170","523200","43170"
"2018-03-14","42600","42750","41950","42060","639500","42060"
"2018-03-15","42000","42280","41590","42190","518700","42190"
"2018-03-16","42480","42480","41950","42030","496400","42030"
"2018-03-19","41390","41940","41340","41750","622500","41750"
"2018-03-20","41660","41960","41300","41790","611200","41790"
"2018-03-22","41600","42320","41580","42320","642300","42320"
"2018-03-23","40920","41180","39340","39660","1649100","39660"
"2018-03-26","39390","40190","38900","40170","898600","40170"
"2018-03-27","40550","41080","40330","41040","945200","41040"
"2018-03-28","40480","41000","40170","40900","936200","40900"
"2018-03-29","41600","42440","41490","41940","850900","41940"
"2018-03-30","42290","43310","42230","43240","872700","43240"
"2018-04-02","43110","43840","42880","43430","641700","43430"
"2018-04-03","42580","44070","42570","43890","966100","43890"
"2018-04-04","45100","45330","44530","45200","1156400","45200"
"2018-04-05","45880","46560","45560","46500","947100","46500"
"2018-04-06","46400","46770","46020","46270","1018900","46270"
"2018-04-09","46340","46820","46180","46620","651900","46620"
"2018-04-10","46120","46980","45950","46550","723400","46550"
"2018-04-11","46600","46750","45510","45950","699000","45950"
"2018-04-12","46270","46900","46180","46900","594700","46900"
"2018-04-13","48500","48540","46720","46870","1348600","46870"
"2018-04-16","46820","46870","45750","45790","781500","45790"
"2018-04-17","46030","46680","45950","46440","715000","46440"
"2018-04-18","46670","47910","46670","47420","828900","47420"
"2018-04-19","47530","47760","47000","47100","682000","47100"
"2018-04-20","47330","47720","47120","47510","559100","47510"
"2018-04-23","47280","47550","47040","47100","357900","47100"
"2018-04-24","47570","47800","47060","47060","583200","47060"
"2018-04-25","46510","47530","46510","47060","595800","47060"
"2018-04-26","47270","47620","47140","47290","819000","47290"
"2018-04-27","47810","48420","47610","48210","652300","48210"
"2018-05-01","48530","49040","48360","49040","599600","49040"
"2018-05-02","49480","49750","48970","49220","579400","49220"
"2018-05-07","49500","49520","48600","48850","494000","48850"
"2018-05-08","48500","48920","47940","48730","537300","48730"
"2018-05-09","48640","49000","48460","48850","332300","48850"
"2018-05-10","48900","49200","48570","48650","320300","48650"
"2018-05-11","48950","49110","48470","49030","533700","49030"
"2018-05-14","48950","49120","48570","48590","371600","48590"
"2018-05-15","49000","49360","48910","49180","448100","49180"
"2018-05-16","49000","49080","48450","48500","456100","48500"
"2018-05-17","48690","48890","48590","48600","377200","48600"
"2018-05-18","48900","49100","48560","48830","467200","48830"
"2018-05-21","48830","49490","48800","49300","343200","49300"
"2018-05-22","49450","49820","49290","49570","373200","49570"
"2018-05-23","49120","49190","47810","47830","738900","47830"
"2018-05-24","47730","47960","46880","47320","559800","47320"
"2018-05-25","47300","47890","46730","47730","446100","47730"
"2018-05-28","47910","48330","47720","48330","345900","48330"
"2018-05-29","48460","48470","47540","47920","421300","47920"
"2018-05-30","46910","47600","46780","47450","681500","47450"
"2018-05-31","47880","48360","47530","47730","946400","47730"
"2018-06-01","47120","47520","46680","46910","548300","46910"
"2018-06-04","47200","47360","46750","47080","381400","47080"
"2018-06-05","46580","47210","46100","47140","623700","47140"
"2018-06-06","47490","48500","47220","48310","608700","48310"
"2018-06-07","48550","49490","48550","49190","793500","49190"
"2018-06-08","49500","49500","48800","49050","983600","49050"
"2018-06-11","49280","50280","49150","50270","525000","50270"
"2018-06-12","50670","51110","50160","50840","719800","50840"
"2018-06-13","50710","50790","50330","50410","373400","50410"
"2018-06-14","50200","50700","49940","50160","505700","50160"
"2018-06-15","50880","51680","50600","51350","741000","51350"
"2018-06-18","51040","51720","51010","51410","441400","51410"
"2018-06-19","51380","51390","50020","50050","615200","50050"
"2018-06-20","50500","51830","50400","51790","614200","51790"
"2018-06-21","51460","53420","51210","52930","952200","52930"
"2018-06-22","52000","53070","51790","52140","830200","52140"
"2018-06-25","52010","52540","51520","51640","477000","51640"
"2018-06-26","50960","51030","50190","50210","695400","50210"
"2018-06-27","49990","50690","49880","50580","551400","50580"
"2018-06-28","50670","50980","49690","50940","647200","50940"
"2018-06-29","51160","51450","50640","50910","605600","50910"
"2018-07-02","50800","50800","49250","49450","610300","49450"
"2018-07-03","49870","50380","49010","49800","745900","49800"
"2018-07-04","48700","49430","48430","48730","731000","48730"
"2018-07-05","48620","48710","47260","47500","931400","47500"
"2018-07-06","47640","48090","46900","47760","808600","47760"
"2018-07-09","48100","48830","47710","47750","593100","47750"
"2018-07-10","47880","48910","47720","48560","621900","48560"
"2018-07-11","47960","48280","47320","47420","648600","47420"
"2018-07-12","47730","49290","47530","49230","709900","49230"
"2018-07-13","51550","53150","51000","52650","1597000","52650"
"2018-07-17","52680","53120","52010","52810","711600","52810"
"2018-07-18","53910","54400","53670","53880","750500","53880"
"2018-07-19","54200","54510","52670","52670","775900","52670"
"2018-07-20","52610","53540","52270","52930","845700","52930"
"2018-07-23","51580","51650","49700","49900","1391500","49900"
"2018-07-24","50450","50450","49110","49770","781200","49770"
"2018-07-25","49270","49670","48710","49420","644500","49420"
"2018-07-26","48070","48890","47810","48520","913000","48520"
"2018-07-27","48650","48890","48090","48680","562100","48680"
"2018-07-30","48390","48460","47620","47730","601900","47730"
"2018-07-31","47570","49320","47110","48750","1343300","48750"
"2018-08-01","48270","48500","47890","48040","615100","48040"
"2018-08-02","47810","48060","47100","47320","590300","47320"
"2018-08-03","48230","48420","48000","48280","570600","48280"
"2018-08-06","48180","48610","47750","48320","464800","48320"
"2018-08-07","48350","48360","47460","47720","453800","47720"
"2018-08-08","47560","48080","47350","47480","524500","47480"
"2018-08-09","47960","47960","47390","47620","417300","47620"
"2018-08-10","47960","48090","47380","47410","765500","47410"
"2018-08-13","47280","47380","46450","46590","687500","46590"
"2018-08-14","47200","48460","47110","48460","763200","48460"
"2018-08-15","48470","48610","48040","48240","457200","48240"
"2018-08-16","47800","49430","47540","49270","964100","49270"
"2018-08-17","49170","49470","48160","48200","645800","48200"
"2018-08-20","48470","49140","48450","48960","475900","48960"
"2018-08-21","48770","50270","48510","50090","742200","50090"
"2018-08-22","50390","50780","49470","49730","521200","49730"
"2018-08-23","50190","51170","50030","51100","749200","51100"
"2018-08-24","51080","52300","51000","52020","695000","52020"
"2018-08-27","52640","53020","52310","52660","571200","52660"
"2018-08-28","52790","52950","51870","51880","701300","51880"
"2018-08-29","51800","51870","51040","51050","601400","51050"
"2018-08-30","51840","52060","51330","51440","557100","51440"
"2018-08-31","51240","51860","51230","51810","475100","51810"
"2018-09-03","51700","52520","51520","52370","496900","52370"
"2018-09-04","52640","52850","51690","52200","566300","52200"
"2018-09-05","53000","54400","52900","53850","1113400","53850"
"2018-09-06","53200","54380","53180","54280","674200","54280"
"2018-09-07","53690","54160","53430","53900","661600","53900"
"2018-09-10","53540","53990","53010","53990","586000","53990"
"2018-09-11","54690","55460","54520","55270","732600","55270"
"2018-09-12","55790","55940","55030","55290","662700","55290"
"2018-09-13","55560","56950","55380","56870","755200","56870"
"2018-09-14","57880","58190","57180","58090","1498200","58090"
"2018-09-18","58000","59490","57650","57660","1339200","57660"
"2018-09-19","58490","58500","56230","56230","1221400","56230"
"2018-09-20","56230","57200","56100","56910","945200","56910"
"2018-09-21","57580","57700","56070","56800","999800","56800"
"2018-09-25","56210","56330","55320","55380","835200","55380"
"2018-09-26","55330","56520","55070","56280","816200","56280"
"2018-09-27","56000","57100","55830","56720","771500","56720"
"2018-09-28","57500","59010","56990","57920","1297600","57920"
"2018-10-01","58400","59070","58070","58830","805100","58830"
"2018-10-02","59010","59050","57820","58250","1119100","58250"
"2018-10-03","58270","58850","57580","58850","859700","58850"
"2018-10-04","58920","59080","57860","58310","1069600","58310"
"2018-10-05","58000","58640","57320","57750","856900","57750"
"2018-10-09","57470","58680","57330","58430","865100","58430"
"2018-10-10","58600","59960","58250","59800","855800","59800"
"2018-10-11","58500","59180","56580","57260","1281300","57260"
"2018-10-12","56470","57780","54620","56070","2327200","56070"
"2018-10-15","55500","55620","52930","53540","1463600","53540"
"2018-10-16","53780","55660","53270","55660","1230900","55660"
"2018-10-17","56530","57420","56360","56630","1150600","56630"
"2018-10-18","56310","56940","55500","55830","893200","55830"
"2018-10-19","54830","55940","54720","55940","874300","55940"
"2018-10-22","55920","56800","55410","56470","659300","56470"
"2018-10-23","56300","57220","55800","56000","1081400","56000"
"2018-10-24","56200","57670","56090","57230","1276700","57230"
"2018-10-25","55500","55810","54110","54400","1212000","54400"
"2018-10-26","55550","56050","54600","55530","1378900","55530"
"2018-10-29","56400","57110","55590","56030","891400","56030"
"2018-10-30","55780","57560","55210","57150","1052300","57150"
"2018-10-31","56580","57530","56350","57070","970500","57070"
"2018-11-01","57070","58520","56980","58020","852000","58020"
"2018-11-02","58000","60550","57670","60530","1403900","60530"
"2018-11-05","58720","59040","57330","57650","1526800","57650"
"2018-11-06","58030","58440","57630","58440","797900","58440"
"2018-11-07","58930","61010","58870","60450","1434400","60450"
"2018-11-08","61660","61930","60670","61070","860000","61070"
"2018-11-09","61050","61520","60020","60290","836100","60290"
"2018-11-12","60210","60920","60060","60800","521300","60800"
"2018-11-13","59800","60150","58940","60120","1091200","60120"
"2018-11-14","60120","60230","58650","59000","680600","59000"
"2018-11-15","58590","59380","58390","59310","640600","59310"
"2018-11-16","59270","60300","59100","59850","674400","59850"
"2018-11-19","59520","59870","58540","58740","573800","58740"
"2018-11-20","58200","58770","58000","58270","533900","58270"
"2018-11-21","57490","58260","57320","57450","597000","57450"
"2018-11-22","57610","57900","56180","56780","748200","56780"
"2018-11-26","56500","57550","55630","57400","939500","57400"
"2018-11-27","57400","57660","56910","57060","589800","57060"
"2018-11-28","57610","59190","57380","59110","757900","59110"
"2018-11-29","59800","59900","58890","59170","610100","59170"
"2018-11-30","59100","59430","58210","59040","692800","59040"
"2018-12-03","59210","59450","58410","58580","625300","58580"
"2018-12-04","58300","58980","56960","56980","917700","56980"
"2018-12-05","57300","58340","56780","57550","953200","57550"
"2018-12-06","57540","57790","56420","57300","817800","57300"
"2018-12-07","57200","59100","57180","58990","752400","58990"
"2018-12-10","57990","58410","57300","57550","940800","57550"
"2018-12-11","57920","58350","57560","58150","828200","58150"
"2018-12-12","58670","59990","58490","59820","962300","59820"
"2018-12-13","60380","61400","60280","61220","723300","61220"
"2018-12-14","60950","61300","60300","60770","1606900","60770"
"2018-12-17","60780","61170","60400","60990","488200","60990"
"2018-12-18","60490","60600","59620","60010","817400","60010"
"2018-12-19","59990","60120","59000","59000","692000","59000"
"2018-12-20","58620","59140","57410","58240","1212300","58240"
"2018-12-21","58170","58850","57420","58840","1145000","58840"
"2018-12-25","56840","57930","56000","56410","1241300","56410"
"2018-12-26","56980","57490","54550","55890","1016800","55890"
"2018-12-27","57850","58720","56500","56620","1606700","56620"
"2018-12-28","56440","57110","55560","56370","923500","56370"
"2017-01-04","42480","43330","42450","43290","648100","43290"
"2017-01-05","43250","43330","42470","42590","516800","42590"
"2017-01-06","40500","41030","39720","39720","1435500","39720"
"2017-01-10","38620","38850","38150","38690","1196900","38690"
"2017-01-11","38710","38880","38480","38560","545900","38560"
"2017-01-12","38300","38450","37930","38010","800900","38010"
"2017-01-13","38900","39380","38240","38430","1321200","38430"
"2017-01-16","38010","38170","37410","37480","725700","37480"
"2017-01-17","37000","37550","36760","36770","758600","36770"
"2017-01-18","36930","37330","36660","37230","781600","37230"
"2017-01-19","37610","37710","36970","37160","775200","37160"
"2017-01-20","36900","37290","36780","37240","540800","37240"
"2017-01-23","36800","36920","36300","36340","764400","36340"
"2017-01-24","35750","35860","35330","35350","988000","35350"
"2017-01-25","36100","36260","35520","35890","633900","35890"
"2017-01-26","36360","36570","35950","36520","877200","36520"
"2017-01-27","36700","37030","36420","36960","811300","36960"
"2017-01-30","36500","36640","36280","36380","483300","36380"
"2017-01-31","35760","35900","35520","35580","770300","35580"
"2017-02-01","35470","36150","35300","35920","458500","35920"
"2017-02-02","35690","35890","35000","35140","678900","35140"
"2017-02-03","35530","35620","34640","35260","672700","35260"
"2017-02-06","35600","35840","35440","35810","541500","35810"
"2017-02-07","35450","35530","35000","35290","466100","35290"
"2017-02-08","35390","35660","35240","35560","319500","35560"
"2017-02-09","35560","35630","35160","35550","373200","35550"
"2017-02-10","36390","37040","36200","36940","1021700","36940"
"2017-02-13","37400","37410","36780","36840","458800","36840"
"2017-02-14","36850","37030","36490","36550","439600","36550"
"2017-02-15","36990","37220","36780","37050","388000","37050"
"2017-02-16","36830","36870","35880","35990","584500","35990"
"2017-02-17","35720","35720","35060","35180","594100","35180"
"2017-02-20","35000","35160","34700","34990","459900","34990"
"2017-02-21","35190","35730","35110","35610","384600","35610"
"2017-02-22","35630","35690","34970","35270","407900","35270"
"2017-02-23","35210","35310","34880","35280","384700","35280"
"2017-02-24","34950","35310","34880","35180","347300","35180"
"2017-02-27","34800","35360","34780","35250","486900","35250"
"2017-02-28","35370","35560","35150","35490","489900","35490"
"2017-03-01","35650","36290","35550","36140","734500","36140"
"2017-03-02","36800","36920","36500","36500","626200","36500"
"2017-03-03","36940","37540","36820","37270","967700","37270"
"2017-03-06","37000","37110","36040","36240","777500","36240"
"2017-03-07","36010","36080","35570","35680","565000","35680"
"2017-03-08","35780","36010","35590","35740","475200","35740"
"2017-03-09","36000","36250","35900","36040","402700","36040"
"2017-03-10","36000","36960","35990","36840","1424000","36840"
"2017-03-13","36500","36750","36270","36620","377800","36620"
"2017-03-14","36820","36820","36540","36630","229000","36630"
"2017-03-15","36500","36870","36450","36720","317700","36720"
"2017-03-16","36540","36630","35850","36010","583600","36010"
"2017-03-17","36000","36370","35940","36040","571000","36040"
"2017-03-21","35640","35910","35380","35850","395100","35850"
"2017-03-22","35280","35350","34770","34960","724300","34960"
"2017-03-23","35200","35400","34960","35360","509100","35360"
"2017-03-24","35270","35900","35210","35820","628700","35820"
"2017-03-27","35410","35480","34610","34790","729500","34790"
"2017-03-28","34990","34990","34570","34750","661300","34750"
"2017-03-29","34770","34980","34580","34820","513900","34820"
"2017-03-30","34510","34730","34390","34490","443300","34490"
"2017-03-31","34600","35220","34540","34920","674300","34920"
"2017-04-03","34980","35380","34730","35200","573500","35200"
"2017-04-04","34800","34890","34430","34640","791200","34640"
"2017-04-05","34210","34750","34210","34620","497200","34620"
"2017-04-06","34620","34830","34460","34760","759200","34760"
"2017-04-07","34800","35030","34370","34500","1044100","34500"
"2017-04-10","34720","35310","34710","34950","577900","34950"
"2017-04-11","34850","35090","34800","35080","530200","35080"
"2017-04-12","34730","35200","34710","35200","676500","35200"
"2017-04-13","35110","35280","34700","34860","482300","34860"
"2017-04-14","35600","35620","35040","35330","1171400","35330"
"2017-04-17","35240","35250","34550","35070","685400","35070"
"2017-04-18","35380","35420","34920","35110","493100","35110"
"2017-04-19","34970","35160","34690","35100","637000","35100"
"2017-04-20","35050","35370","34800","35110","555900","35110"
"2017-04-21","35120","35270","34900","35110","792000","35110"
"2017-04-24","35350","36460","35330","36410","1037900","36410"
"2017-04-25","36410","36800","36210","36710","666800","36710"
"2017-04-26","36810","36940","36660","36800","552100","36800"
"2017-04-27","36440","36570","36200","36250","496500","36250"
"2017-04-28","36200","36520","36200","36360","409300","36360"
"2017-05-01","35900","36050","35550","35660","457900","35660"
"2017-05-02","35760","36000","35560","36000","526100","36000"
"2017-05-08","37100","37720","36970","37590","1089900","37590"
"2017-05-09","37730","37970","37710","37770","677900","37770"
"2017-05-10","38090","38710","38080","38460","749100","38460"
"2017-05-11","38600","38610","38290","38570","460100","38570"
"2017-05-12","38630","38820","38170","38410","1108900","38410"
"2017-05-15","37990","38200","37640","38070","425600","38070"
"2017-05-16","38190","38370","37910","38000","439600","38000"
"2017-05-17","37790","37800","37470","37580","585400","37580"
"2017-05-18","37100","37510","36990","37490","554400","37490"
"2017-05-19","37520","37660","37270","37390","516500","37390"
"2017-05-22","37410","37630","37180","37360","317400","37360"
"2017-05-23","37140","37330","37050","37080","309700","37080"
"2017-05-24","37300","37430","37140","37270","491900","37270"
"2017-05-25","37180","37420","37040","37280","475800","37280"
"2017-05-26","37200","37260","36780","36800","364900","36800"
"2017-05-29","36670","37270","36660","37200","283000","37200"
"2017-05-30","37140","37230","36810","36970","313800","36970"
"2017-05-31","36970","37120","36720","37100","361100","37100"
"2017-06-01","37020","37410","37000","37070","467600","37070"
"2017-06-02","37390","38710","37350","38240","1166000","38240"
"2017-06-05","38380","38590","38090","38120","477400","38120"
"2017-06-06","38200","38290","37550","37720","585000","37720"
"2017-06-07","37700","37770","37360","37420","413400","37420"
"2017-06-08","37700","37900","37180","37290","581200","37290"
"2017-06-09","37520","38450","37380","38060","1135300","38060"
"2017-06-12","37700","37990","36850","36890","723200","36890"
"2017-06-13","36660","36870","36380","36710","492500","36710"
"2017-06-14","36730","36890","36500","36590","371400","36590"
"2017-06-15","36590","37050","36470","36700","423000","36700"
"2017-06-16","37000","37020","36640","36850","593600","36850"
"2017-06-19","36900","36960","36590","36620","413100","36620"
"2017-06-20","36850","37440","36830","37130","586000","37130"
"2017-06-21","36890","37100","36720","36810","371900","36810"
"2017-06-22","36840","36920","36670","36710","354100","36710"
"2017-06-23","36840","36920","36690","36860","301300","36860"
"2017-06-26","36770","37100","36690","37050","407200","37050"
"2017-06-27","37250","37720","37180","37580","469700","37580"
"2017-06-28","37400","37630","37290","37620","427700","37620"
"2017-06-29","37620","37780","37520","37720","369300","37720"
"2017-06-30","37540","37570","37180","37420","487000","37420"
"2017-07-03","37490","37670","37430","37440","362900","37440"
"2017-07-04","37790","38230","37520","37630","586700","37630"
"2017-07-05","37810","38080","36960","37310","453300","37310"
"2017-07-06","37100","37150","36710","36790","448100","36790"
"2017-07-07","36580","36830","36380","36820","485000","36820"
"2017-07-10","37070","37360","36950","37180","449400","37180"
"2017-07-11","37070","37080","36680","36770","403500","36770"
"2017-07-12","36600","36700","36400","36430","423000","36430"
"2017-07-13","36560","36580","36200","36220","376300","36220"
"2017-07-14","35380","35450","34500","34570","1797500","34570"
"2017-07-18","34500","34520","33880","33880","946000","33880"
"2017-07-19","33880","34040","33740","33930","592800","33930"
"2017-07-20","33880","33880","33180","33500","1135500","33500"
"2017-07-21","33210","33330","33070","33250","592700","33250"
"2017-07-24","33000","33120","32840","33100","563700","33100"
"2017-07-25","33280","33460","33040","33090","569200","33090"
"2017-07-26","33320","33590","33180","33440","531900","33440"
"2017-07-27","33250","33430","33020","33330","626700","33330"
"2017-07-28","33330","33360","33110","33310","428300","33310"
"2017-07-31","33100","33210","32940","33120","595900","33120"
"2017-08-01","33010","33600","33010","33460","500000","33460"
"2017-08-02","33510","33540","33300","33300","387800","33300"
"2017-08-03","33470","33750","33360","33380","548200","33380"
"2017-08-04","33200","33210","33020","33110","386800","33110"
"2017-08-07","33160","33390","33160","33160","307300","33160"
"2017-08-08","33130","33180","33010","33020","406000","33020"
"2017-08-09","33000","33080","32370","32600","720100","32600"
"2017-08-10","32820","32860","32350","32480","549300","32480"
"2017-08-14","32010","32150","31710","32150","597800","32150"
"2017-08-15","32450","32830","32450","32630","493500","32630"
"2017-08-16","32460","32490","32170","32210","395800","32210"
"2017-08-17","32200","32210","32020","32110","366400","32110"
"2017-08-18","31670","31670","31270","31350","625300","31350"
"2017-08-21","31390","31470","30910","30930","461800","30930"
"2017-08-22","30850","31100","30640","30910","455100","30910"
"2017-08-23","31220","31420","31160","31380","586200","31380"
"2017-08-24","31180","31640","31050","31580","503100","31580"
"2017-08-25","31580","31850","31460","31740","441700","31740"
"2017-08-28","31840","32040","31290","31410","533400","31410"
"2017-08-29","30660","30960","30460","30800","690800","30800"
"2017-08-30","31110","31340","30870","31050","479500","31050"
"2017-08-31","31130","31650","31110","31470","481200","31470"
"2017-09-01","31590","31700","31410","31620","414100","31620"
"2017-09-04","31400","31730","31200","31580","537500","31580"
"2017-09-05","31480","31720","31080","31350","535100","31350"
"2017-09-06","31060","31100","30460","30570","925700","30570"
"2017-09-07","30880","31140","30580","30720","608600","30720"
"2017-09-08","30330","30420","30000","30000","1450900","30000"
"2017-09-11","30260","30610","30150","30610","535500","30610"
"2017-09-12","31310","32090","31300","32000","982500","32000"
"2017-09-13","31950","31990","31450","31590","511700","31590"
"2017-09-14","31810","32150","31670","31950","530200","31950"
"2017-09-15","31950","32240","31910","32150","689100","32150"
"2017-09-19","32600","32900","32490","32800","765800","32800"
"2017-09-20","33600","33670","32970","33030","802100","33030"
"2017-09-21","33500","33580","33050","33170","600900","33170"
"2017-09-22","33490","33490","33030","33080","600100","33080"
"2017-09-25","33280","33320","32960","33130","379000","33130"
"2017-09-26","33330","33470","33160","33360","607000","33360"
"2017-09-27","33430","33670","33260","33600","398900","33600"
"2017-09-28","33630","33740","33070","33140","741200","33140"
"2017-09-29","32940","33210","32660","33190","881000","33190"
"2017-10-02","33340","33630","33210","33450","475000","33450"
"2017-10-03","33570","34250","33420","34170","975400","34170"
"2017-10-04","34470","35010","33760","33900","1226800","33900"
"2017-10-05","33990","34420","33930","34090","509300","34090"
"2017-10-06","34600","35380","34550","35230","1245300","35230"
"2017-10-10","35120","35180","34800","35040","663700","35040"
"2017-10-11","35070","35250","34970","35090","377400","35090"
"2017-10-12","35120","35200","34760","34850","568300","34850"
"2017-10-13","36000","37020","35730","36770","2259200","36770"
"2017-10-16","36870","36890","36080","36130","1008500","36130"
"2017-10-17","36300","36570","35940","36270","844700","36270"
"2017-10-18","36700","36960","36420","36480","830600","36480"
"2017-10-19","36650","36740","36370","36550","499100","36550"
"2017-10-20","36340","36660","36130","36520","644600","36520"
"2017-10-23","37000","37050","36700","36950","773200","36950"
"2017-10-24","36750","37080","36610","37070","544500","37070"
"2017-10-25","37300","37340","36580","36720","817200","36720"
"2017-10-26","36790","37160","36760","37150","543300","37150"
"2017-10-27","37360","38120","37160","37870","870900","37870"
"2017-10-30","38010","38160","37540","37610","654700","37610"
"2017-10-31","37260","37620","37060","37610","610200","37610"
"2017-11-01","37670","37860","37360","37620","675300","37620"
"2017-11-02","37700","37990","37400","37770","728900","37770"
"2017-11-06","38300","38790","38140","38600","864800","38600"
"2017-11-07","38620","40000","38420","39910","1230600","39910"
"2017-11-08","39670","39910","39460","39680","721400","39680"
"2017-11-09","39890","41200","38980","39860","1872300","39860"
"2017-11-10","39700","40660","39530","40650","1633300","40650"
"2017-11-13","40310","40350","39410","39410","908600","39410"
"2017-11-15","38960","39490","38800","38930","1055300","38930"
"2017-11-16","38890","39880","38820","39790","869300","39790"
"2017-11-17","40650","41120","39900","40280","1389100","40280"
"2017-11-20","40190","40620","39910","40190","476200","40190"
"2017-11-21","40600","40920","40310","40390","616700","40390"
"2017-11-22","40860","41090","40550","40620","726000","40620"
"2017-11-24","40230","40780","40160","40730","427200","40730"
"2017-11-27","41080","41500","40770","41190","602100","41190"
"2017-11-28","41190","41660","41080","41650","905700","41650"
"2017-11-29","42000","42330","41670","42300","807000","42300"
"2017-11-30","42500","43540","42390","43510","1034000","43510"
"2017-12-01","43950","44120","43270","43660","876600","43660"
"2017-12-04","43660","44170","43420","44140","650500","44140"
"2017-12-05","45000","45470","44160","44430","973200","44430"
"2017-12-06","43820","43860","42130","42270","1490600","42270"
"2017-12-07","42730","43420","42640","43270","876900","43270"
"2017-12-08","43710","44740","43500","44670","1609600","44670"
"2017-12-11","44800","45000","44410","44630","562800","44630"
"2017-12-12","44630","44770","44320","44340","511200","44340"
"2017-12-13","44480","44720","44080","44340","531100","44340"
"2017-12-14","44100","44400","43980","44050","393500","44050"
"2017-12-15","43920","45080","43840","44600","646900","44600"
"2017-12-18","45100","45210","44680","44950","537400","44950"
"2017-12-19","45450","45900","45240","45430","460700","45430"
"2017-12-20","45370","45670","45130","45240","299600","45240"
"2017-12-21","45240","45320","44510","44600","400100","44600"
"2017-12-22","44510","45210","44510","44960","454600","44960"
"2017-12-25","44630","44920","44570","44650","198900","44650"
"2017-12-26","44770","44800","44460","44600","274100","44600"
"2017-12-27","44760","45410","44560","45370","402800","45370"
"2017-12-28","45230","45370","44880","44990","355100","44990"
"2017-12-29","45070","45240","44760","44910","355900","44910"
"2016-01-04","42000","42200","40450","40650","857100","40650"
"2016-01-05","40360","41230","40110","40430","817500","40430"
"2016-01-06","40320","41070","39850","40170","808800","40170"
"2016-01-07","40000","40500","39010","39050","795900","39050"
"2016-01-08","36700","38580","36180","38140","2502700","38140"
"2016-01-12","37210","38050","37130","37630","1074300","37630"
"2016-01-13","37840","38720","37740","38690","805500","38690"
"2016-01-14","37290","37800","36850","37640","863300","37640"
"2016-01-15","38120","38490","36810","37000","786100","37000"
"2016-01-18","36370","36980","35730","36730","795800","36730"
"2016-01-19","36610","37320","36410","37220","739800","37220"
"2016-01-20","37470","37480","35380","35650","1254300","35650"
"2016-01-21","35810","36060","34540","34610","1321500","34610"
"2016-01-22","35700","37710","35620","37420","1418900","37420"
"2016-01-25","37650","38190","36790","37870","974800","37870"
"2016-01-26","37000","37120","36750","36990","814700","36990"
"2016-01-27","37290","38270","37170","37610","771700","37610"
"2016-01-28","37090","37730","36930","37120","767900","37120"
"2016-01-29","37320","39890","36660","38430","1626100","38430"
"2016-02-01","38610","38710","37320","37670","884000","37670"
"2016-02-02","37370","37570","37030","37240","600100","37240"
"2016-02-03","37470","37880","36250","36620","1060500","36620"
"2016-02-04","36500","36660","35270","35400","1106300","35400"
"2016-02-05","34750","35070","34080","34590","957900","34590"
"2016-02-08","34030","35330","33710","35070","835400","35070"
"2016-02-09","33590","34050","32710","32870","1000500","32870"
"2016-02-10","33100","33300","31820","32520","1002100","32520"
"2016-02-12","31870","32770","31060","32390","2255200","32390"
"2016-02-15","33130","33490","32520","33220","1016700","33220"
"2016-02-16","32710","33530","32210","32810","980300","32810"
"2016-02-17","32690","32820","30720","31240","1105600","31240"
"2016-02-18","32500","32520","31340","31960","1016000","31960"
"2016-02-19","31610","31780","31040","31500","751100","31500"
"2016-02-22","31130","32240","31130","31760","693500","31760"
"2016-02-23","32000","32560","31630","31960","577700","31960"
"2016-02-24","31700","31800","31170","31320","580000","31320"
"2016-02-25","31190","31420","30760","31230","619000","31230"
"2016-02-26","31770","32420","31540","31540","702100","31540"
"2016-02-29","31520","31990","31280","31340","658800","31340"
"2016-03-01","31390","31620","30910","31310","757700","31310"
"2016-03-02","32000","33530","31970","33330","1110600","33330"
"2016-03-03","33330","34660","33080","34530","1056000","34530"
"2016-03-04","34630","34700","34210","34410","537400","34410"
"2016-03-07","34810","34810","34400","34490","645500","34490"
"2016-03-08","34690","34710","33940","34420","809900","34420"
"2016-03-09","33900","34150","33610","33690","652900","33690"
"2016-03-10","34200","34230","33840","34030","444900","34030"
"2016-03-11","33400","34850","33350","34590","1626200","34590"
"2016-03-14","35400","36390","35400","36390","824300","36390"
"2016-03-15","36680","36950","36180","36270","747000","36270"
"2016-03-16","36000","36260","35660","35910","437900","35910"
"2016-03-17","36280","36810","35630","35850","572700","35850"
"2016-03-18","35810","35960","34840","35120","639500","35120"
"2016-03-22","35760","35900","35100","35660","455200","35660"
"2016-03-23","36000","36860","35900","36760","765600","36760"
"2016-03-24","36690","36900","36210","36240","620800","36240"
"2016-03-25","36480","36720","36270","36410","405700","36410"
"2016-03-28","36690","36760","36070","36150","391200","36150"
"2016-03-29","35940","36780","35390","36780","635000","36780"
"2016-03-30","37040","37050","36470","36500","417200","36500"
"2016-03-31","36850","36950","36020","36020","648000","36020"
"2016-04-01","35800","35940","33860","34070","803200","34070"
"2016-04-04","33770","34080","33300","33410","654300","33410"
"2016-04-05","32970","32990","31890","32020","850800","32020"
"2016-04-06","31860","32250","31550","31640","631900","31640"
"2016-04-07","31880","31880","30370","30490","777300","30490"
"2016-04-08","27500","27785","26395","26610","2352200","26610"
"2016-04-11","26620","27090","26375","26815","1159400","26815"
"2016-04-12","26590","27025","26320","26915","833600","26915"
"2016-04-13","27500","28825","27140","28695","1606000","28695"
"2016-04-14","29275","29935","29140","29800","1174300","29800"
"2016-04-15","29000","30250","28850","29615","1047300","29615"
"2016-04-18","28640","28825","28030","28075","964900","28075"
"2016-04-19","28985","30020","28950","29870","1059500","29870"
"2016-04-20","30310","30420","29180","29425","1070000","29425"
"2016-04-21","30500","31280","30310","30890","1271300","30890"
"2016-04-22","30610","32220","30610","31950","1255200","31950"
"2016-04-25","32110","32490","31050","31140","936700","31140"
"2016-04-26","30880","31250","30150","30540","887400","30540"
"2016-04-27","30550","31290","30530","30980","1306500","30980"
"2016-04-28","31490","32040","29160","29185","1499200","29185"
"2016-05-02","27685","28260","27560","27945","1017200","27945"
"2016-05-06","28140","28330","27355","28020","923300","28020"
"2016-05-09","28195","28670","28050","28610","535900","28610"
"2016-05-10","29065","29095","28160","28895","755400","28895"
"2016-05-11","29395","29520","28650","28750","531800","28750"
"2016-05-12","28610","29115","28205","29020","452600","29020"
"2016-05-13","29380","29380","28490","28500","874500","28500"
"2016-05-16","28655","28950","28050","28150","594700","28150"
"2016-05-17","28750","28945","28235","28660","650500","28660"
"2016-05-18","28510","28860","28135","28585","799200","28585"
"2016-05-19","28800","29065","28255","28475","466800","28475"
"2016-05-20","28375","28870","27930","28775","487300","28775"
"2016-05-23","28520","28610","27615","27965","593200","27965"
"2016-05-24","27995","28035","27515","27665","605500","27665"
"2016-05-25","28165","28830","28090","28740","762100","28740"
"2016-05-26","29240","29745","29135","29400","685900","29400"
"2016-05-27","29700","29725","28970","29000","461300","29000"
"2016-05-30","29195","29485","28905","29385","476000","29385"
"2016-05-31","29195","29995","29155","29885","532200","29885"
"2016-06-01","29510","29845","28880","28965","583400","28965"
"2016-06-02","28800","28800","28100","28180","726800","28180"
"2016-06-03","29205","30450","29100","30120","1410200","30120"
"2016-06-06","29420","30200","29335","30090","704700","30090"
"2016-06-07","30050","30190","29710","29995","662200","29995"
"2016-06-08","30030","30450","29810","30450","548200","30450"
"2016-06-09","30260","30500","29855","29940","505800","29940"
"2016-06-10","29950","30270","29630","29815","1320400","29815"
"2016-06-13","29380","29605","29050","29055","737300","29055"
"2016-06-14","29060","29190","28055","28330","800300","28330"
"2016-06-15","28010","28390","27750","28255","733600","28255"
"2016-06-16","28390","28865","27210","27260","895500","27260"
"2016-06-17","27535","27900","27435","27550","789100","27550"
"2016-06-20","27940","28695","27940","28395","736600","28395"
"2016-06-21","28230","28645","27800","28595","471200","28595"
"2016-06-22","28465","28550","27765","28230","571500","28230"
"2016-06-23","28500","29425","28375","29340","684400","29340"
"2016-06-24","29525","29925","26120","26295","1569600","26295"
"2016-06-27","26795","27470","26325","27385","823500","27385"
"2016-06-28","27000","27730","26705","27455","693000","27455"
"2016-06-29","27955","27980","27480","27595","790700","27595"
"2016-06-30","27905","27980","27245","27300","721600","27300"
"2016-07-01","27710","27845","27155","27360","485300","27360"
"2016-07-04","26800","27920","26760","27705","555400","27705"
"2016-07-05","27205","27225","26460","26540","928100","26540"
"2016-07-06","26000","26070","25305","25900","995800","25900"
"2016-07-07","26185","26665","25910","26030","603200","26030"
"2016-07-08","26020","26145","25355","25445","993300","25445"
"2016-07-11","26200","26995","26105","26845","757700","26845"
"2016-07-12","27750","27995","27510","27800","909100","27800"
"2016-07-13","28500","28500","27675","28145","765800","28145"
"2016-07-14","27750","28010","27390","27660","570100","27660"
"2016-07-15","31000","32660","31000","32660","1675600","32660"
"2016-07-19","34500","35000","33120","33700","1391900","33700"
"2016-07-20","33160","33280","32750","32920","662300","32920"
"2016-07-21","33420","34450","33420","33720","737000","33720"
"2016-07-22","33160","33240","32530","32640","492500","32640"
"2016-07-25","32630","33350","32560","33170","473700","33170"
"2016-07-26","33040","33300","32360","32530","574100","32530"
"2016-07-27","32880","34240","32830","33630","734500","33630"
"2016-07-28","33300","33370","32850","32910","385700","32910"
"2016-07-29","32230","34150","32210","33430","827000","33430"
"2016-08-01","33300","34900","33110","34670","947300","34670"
"2016-08-02","34330","34580","33610","33640","640000","33640"
"2016-08-03","34340","35080","33900","34540","1288600","34540"
"2016-08-04","35200","35530","34210","35500","1224800","35500"
"2016-08-05","35950","36880","35670","36640","1295200","36640"
"2016-08-08","37800","37950","37150","37880","952000","37880"
"2016-08-09","37700","38250","37180","37500","837900","37500"
"2016-08-10","37600","37860","36930","37000","825600","37000"
"2016-08-12","37530","38250","37120","38080","899600","38080"
"2016-08-15","38140","38230","37580","37630","384700","37630"
"2016-08-16","37590","37680","36500","36500","961900","36500"
"2016-08-17","36740","37170","36700","36970","524600","36970"
"2016-08-18","36880","37620","36450","36560","855000","36560"
"2016-08-19","36950","37590","36840","37150","587300","37150"
"2016-08-22","37270","37360","36910","36980","354100","36980"
"2016-08-23","36680","37050","36480","36580","546500","36580"
"2016-08-24","36160","36850","35470","35600","897700","35600"
"2016-08-25","35400","35890","34660","35460","1371300","35460"
"2016-08-26","35400","35790","34780","35370","1117000","35370"
"2016-08-29","35910","36480","35670","36450","723500","36450"
"2016-08-30","36220","36500","36210","36440","499700","36440"
"2016-08-31","36500","36750","36310","36340","443200","36340"
"2016-09-01","36400","36490","35680","35940","694200","35940"
"2016-09-02","35750","35900","35340","35700","772200","35700"
"2016-09-05","36500","37520","36480","37120","780400","37120"
"2016-09-06","36990","37310","36820","36860","540100","36860"
"2016-09-07","36600","36900","36220","36390","593600","36390"
"2016-09-08","36700","36750","36020","36410","475000","36410"
"2016-09-09","36410","36590","35970","36330","1014200","36330"
"2016-09-12","35930","36180","35340","35470","482400","35470"
"2016-09-13","35880","36140","35560","35750","384100","35750"
"2016-09-14","35400","35540","34950","35080","466300","35080"
"2016-09-15","34740","34820","33930","34110","663400","34110"
"2016-09-16","33990","34400","33600","34360","606600","34360"
"2016-09-20","33480","33530","32480","32510","1042300","32510"
"2016-09-21","32370","33190","31010","33000","1536200","33000"
"2016-09-23","32950","33760","32810","33230","692500","33230"
"2016-09-26","32780","33350","32640","32710","656700","32710"
"2016-09-27","32530","32650","31860","32400","626100","32400"
"2016-09-28","32400","32440","31800","32040","558400","32040"
"2016-09-29","32620","32650","32140","32480","453600","32480"
"2016-09-30","32030","32490","31970","32290","650400","32290"
"2016-10-03","32800","32990","32580","32980","421000","32980"
"2016-10-04","33300","33950","33150","33490","688900","33490"
"2016-10-05","34150","34200","33600","33940","534400","33940"
"2016-10-06","34200","34460","34030","34040","454400","34040"
"2016-10-07","33600","33900","33400","33500","407300","33500"
"2016-10-11","33580","34040","33560","33920","529400","33920"
"2016-10-12","33550","34030","33380","33790","464500","33790"
"2016-10-13","34000","34290","33010","33150","556000","33150"
"2016-10-17","34710","35030","34180","34210","657500","34210"
"2016-10-19","34900","35050","34600","35020","356500","35020"
"2016-10-20","34910","36330","34910","36330","751800","36330"
"2016-10-21","36350","36850","36180","36300","579900","36300"
"2016-10-24","36650","36660","36000","36300","365000","36300"
"2016-10-25","36500","36940","36450","36850","400800","36850"
"2016-10-26","36840","36850","36380","36450","353400","36450"
"2016-10-27","36250","36370","35600","35770","426500","35770"
"2016-10-28","36020","36450","35980","35980","454200","35980"
"2016-10-31","35690","36030","35450","35460","344400","35460"
"2016-11-01","35440","36050","35310","35890","366200","35890"
"2016-11-02","35450","35940","35420","35540","396700","35540"
"2016-11-04","35460","35930","35360","35510","499100","35510"
"2016-11-07","36020","36710","36000","36640","648000","36640"
"2016-11-08","36870","37050","36410","36550","417500","36550"
"2016-11-09","36920","37220","33520","33680","1570400","33680"
"2016-11-10","36480","37110","36000","36890","1309900","36890"
"2016-11-11","37590","37940","37190","37600","1329900","37600"
"2016-11-14","37730","38690","37680","38580","784100","38580"
"2016-11-15","38600","38980","38470","38570","555600","38570"
"2016-11-16","39130","39750","39110","39400","764300","39400"
"2016-11-17","39200","39710","39050","39280","573700","39280"
"2016-11-18","39980","40620","39900","40190","886500","40190"
"2016-11-21","40210","40270","39510","39970","609600","39970"
"2016-11-22","39880","40360","39660","40360","500200","40360"
"2016-11-24","41300","41760","41170","41730","692900","41730"
"2016-11-25","41820","42020","41220","41370","665500","41370"
"2016-11-28","41260","41440","40830","41260","384800","41260"
"2016-11-29","40420","40580","40100","40200","894400","40200"
"2016-11-30","40300","40340","39570","39570","692200","39570"
"2016-12-01","40500","41190","40320","40460","850700","40460"
"2016-12-02","40300","40660","39960","40660","573000","40660"
"2016-12-05","40060","40350","39690","39760","620500","39760"
"2016-12-06","40350","40500","39860","40150","618100","40150"
"2016-12-07","40500","41150","40420","40870","536800","40870"
"2016-12-08","41480","41560","40830","41100","639900","41100"
"2016-12-09","41700","42970","41150","42590","1975600","42590"
"2016-12-12","43950","44000","42880","43130","775300","43130"
"2016-12-13","43130","43300","42630","43210","434500","43210"
"2016-12-14","43300","43440","42590","43090","548800","43090"
"2016-12-15","43440","43880","42550","43000","627400","43000"
"2016-12-16","43350","43550","42810","43130","542000","43130"
"2016-12-19","42790","43150","42740","43130","358700","43130"
"2016-12-20","42910","43630","42860","43620","499400","43620"
"2016-12-21","43900","44370","43610","44000","658900","44000"
"2016-12-22","43660","43840","43190","43480","381600","43480"
"2016-12-26","43310","43660","43090","43340","358200","43340"
"2016-12-27","43140","43700","43140","43620","400100","43620"
"2016-12-28","43940","43970","43270","43270","339900","43270"
"2016-12-29","43000","43220","42540","42660","448400","42660"
"2016-12-30","42120","42330","41700","41830","610000","41830"
"2015-01-05","43580","44420","43295","44065","545000","44065"
"2015-01-06","43365","43745","43110","43255","844600","43255"
"2015-01-07","43005","43510","43005","43425","727000","43425"
"2015-01-08","43650","44550","43400","44405","611300","44405"
"2015-01-09","45800","46325","44350","44760","1602100","44760"
"2015-01-13","44060","44295","43250","43575","938300","43575"
"2015-01-14","43080","43310","41860","41940","998300","41940"
"2015-01-15","42270","42945","41970","42945","757100","42945"
"2015-01-16","41700","41995","40610","41370","1251300","41370"
"2015-01-19","41850","41900","41210","41530","577600","41530"
"2015-01-20","41550","42700","41455","42700","509400","42700"
"2015-01-21","42800","43090","42260","42385","566300","42385"
"2015-01-22","42500","42530","41800","42270","529300","42270"
"2015-01-23","42970","43095","42485","42645","356600","42645"
"2015-01-26","41945","42580","41900","42340","384200","42340"
"2015-01-27","42870","43380","42670","43160","471200","43160"
"2015-01-28","42845","43865","42720","43600","582300","43600"
"2015-01-29","43165","44220","43100","43675","648300","43675"
"2015-01-30","44300","44400","43720","44020","577500","44020"
"2015-02-02","43400","43740","43005","43055","430700","43055"
"2015-02-03","43245","43350","42055","42185","517600","42185"
"2015-02-04","43100","43890","42930","43850","636800","43850"
"2015-02-05","43560","43920","43425","43475","477400","43475"
"2015-02-06","44175","44270","43815","44005","354300","44005"
"2015-02-09","44435","44445","43900","43935","362200","43935"
"2015-02-10","43615","43690","43235","43435","456700","43435"
"2015-02-12","44250","44340","43870","44305","505100","44305"
"2015-02-13","43940","44250","43850","44005","682000","44005"
"2015-02-16","44115","44295","44000","44065","296700","44065"
"2015-02-17","43850","44040","43400","43505","333700","43505"
"2015-02-18","43505","43740","43325","43705","520800","43705"
"2015-02-19","43780","43970","43035","43065","563200","43065"
"2015-02-20","43220","43345","42810","42910","444700","42910"
"2015-02-23","43545","44455","43270","44355","800900","44355"
"2015-02-24","44500","45300","44440","45300","728600","45300"
"2015-02-25","45000","45195","44725","44905","504200","44905"
"2015-02-26","45030","46050","44940","45990","582500","45990"
"2015-02-27","46150","46665","46000","46330","558800","46330"
"2015-03-02","46525","47065","46300","46850","495900","46850"
"2015-03-03","47000","47035","46000","46040","477800","46040"
"2015-03-04","45910","46415","45770","46165","363900","46165"
"2015-03-05","46010","46285","45690","45690","345900","45690"
"2015-03-06","46180","46720","46015","46115","525300","46115"
"2015-03-09","45680","45885","45325","45340","511600","45340"
"2015-03-10","45640","45720","44255","44420","685800","44420"
"2015-03-11","44190","45395","44105","44920","603900","44920"
"2015-03-12","45125","45680","44840","45515","582600","45515"
"2015-03-13","46165","46520","45910","46275","1911400","46275"
"2015-03-16","46190","46760","46160","46265","498500","46265"
"2015-03-17","46810","46845","46175","46200","423600","46200"
"2015-03-18","46295","46325","45760","46140","468200","46140"
"2015-03-19","45585","45930","45410","45475","601700","45475"
"2015-03-20","45670","46815","45670","46815","616800","46815"
"2015-03-23","46900","47275","46620","47145","477000","47145"
"2015-03-24","47145","47480","46865","46950","457000","46950"
"2015-03-25","47125","47255","46525","46925","432400","46925"
"2015-03-26","46800","47055","46210","46330","508200","46330"
"2015-03-27","46610","47280","45720","46225","653300","46225"
"2015-03-30","46455","47880","46430","47455","730600","47455"
"2015-03-31","47500","47585","46495","46495","860000","46495"
"2015-04-01","47180","47200","46410","46770","883600","46770"
"2015-04-02","46865","47280","46505","47115","666400","47115"
"2015-04-03","47280","47765","47200","47610","511000","47610"
"2015-04-06","47395","47620","47235","47300","465200","47300"
"2015-04-07","47410","47540","47020","47540","537700","47540"
"2015-04-08","47380","47580","47095","47580","483600","47580"
"2015-04-09","47715","48560","47685","48500","630800","48500"
"2015-04-10","49500","50650","49410","49700","1730300","49700"
"2015-04-13","50200","50350","49750","50150","468900","50150"
"2015-04-14","49835","50080","49705","49805","377400","49805"
"2015-04-15","49735","49860","49030","49185","460700","49185"
"2015-04-16","49220","49270","48520","48600","466000","48600"
"2015-04-17","48500","48595","47750","47760","534500","47760"
"2015-04-20","47600","48310","47400","48075","504800","48075"
"2015-04-21","48270","48500","47730","48385","481500","48385"
"2015-04-22","48830","49340","48635","49245","549500","49245"
"2015-04-23","49450","49600","48965","49395","545500","49395"
"2015-04-24","49225","49435","48675","48705","422900","48705"
"2015-04-27","48700","48710","48050","48050","481100","48050"
"2015-04-28","48600","49145","48410","48930","567700","48930"
"2015-04-30","48480","48480","47295","47295","832300","47295"
"2015-05-01","47205","47830","47075","47590","554700","47590"
"2015-05-07","47295","47500","47015","47105","608200","47105"
"2015-05-08","47100","47790","47030","47120","822600","47120"
"2015-05-11","47820","48450","47660","48450","498500","48450"
"2015-05-12","48250","48620","47930","48335","556400","48335"
"2015-05-13","48545","49545","48130","49515","638200","49515"
"2015-05-14","49055","49150","48220","48275","666700","48275"
"2015-05-15","48680","48940","48410","48565","429300","48565"
"2015-05-18","48505","49130","48280","49035","297700","49035"
"2015-05-19","49490","50230","49250","50010","728500","50010"
"2015-05-20","50280","50630","50050","50200","509100","50200"
"2015-05-21","50110","50460","49995","50100","317500","50100"
"2015-05-22","50010","50400","49635","50300","395300","50300"
"2015-05-25","50150","50810","50150","50670","359400","50670"
"2015-05-26","50750","50950","50520","50880","474200","50880"
"2015-05-27","50510","50980","50460","50930","424300","50930"
"2015-05-28","51270","51490","50630","50970","524300","50970"
"2015-05-29","50700","51640","50550","51300","588000","51300"
"2015-06-01","51120","51440","50970","51250","351700","51250"
"2015-06-02","51440","51500","51030","51320","356000","51320"
"2015-06-03","51250","51270","50830","51030","476000","51030"
"2015-06-04","51270","51430","50640","50740","432400","50740"
"2015-06-05","50690","51060","50520","50960","356400","50960"
"2015-06-08","51330","51750","51250","51720","453900","51720"
"2015-06-09","51390","51580","50660","50660","517400","50660"
"2015-06-10","50970","51440","50580","51000","493800","51000"
"2015-06-11","51390","52980","51370","52980","726900","52980"
"2015-06-12","53400","53400","52440","52770","1304500","52770"
"2015-06-15","52320","52770","52290","52740","361900","52740"
"2015-06-16","52660","53100","52340","52550","359800","52550"
"2015-06-17","52550","52720","52050","52560","374400","52560"
"2015-06-18","52590","52590","52080","52200","398500","52200"
"2015-06-19","52340","52570","52140","52170","459700","52170"
"2015-06-22","52380","53960","52350","53910","598500","53910"
"2015-06-23","53960","55080","53780","55080","675700","55080"
"2015-06-24","55300","55900","54900","55590","552500","55590"
"2015-06-25","55390","57000","55360","55970","556400","55970"
"2015-06-26","56490","56870","56130","56240","413600","56240"
"2015-06-29","55500","56180","54550","54560","765900","54560"
"2015-06-30","54900","55560","54530","55560","489700","55560"
"2015-07-01","55850","56660","55700","56610","439300","56610"
"2015-07-02","57780","58400","57200","57870","657100","57870"
"2015-07-03","56130","56280","54880","55740","989600","55740"
"2015-07-06","54570","55640","54320","54810","876900","54810"
"2015-07-07","55920","56250","55640","56250","505900","56250"
"2015-07-08","56250","56540","54810","55180","906400","55180"
"2015-07-09","55200","57460","54760","57460","1136200","57460"
"2015-07-10","56000","56020","53740","54010","1901200","54010"
"2015-07-13","54000","54690","53650","54530","671300","54530"
"2015-07-14","55010","55950","54780","55530","655900","55530"
"2015-07-15","55840","56070","55240","55670","445300","55670"
"2015-07-16","56100","56850","55900","56600","613000","56600"
"2015-07-17","56840","57440","56760","57220","429000","57220"
"2015-07-21","57800","59280","57580","59270","524100","59270"
"2015-07-22","58510","59180","58500","58790","440000","58790"
"2015-07-23","58800","60000","58700","59280","486000","59280"
"2015-07-24","58900","59080","58210","58250","394400","58250"
"2015-07-27","57840","58610","57520","58270","376900","58270"
"2015-07-28","58050","59460","57820","59370","565800","59370"
"2015-07-29","59880","60460","59480","60230","559600","60230"
"2015-07-30","60800","61970","60740","61930","737700","61930"
"2015-07-31","61550","61650","60670","61370","498200","61370"
"2015-08-03","60820","61280","60440","60740","363300","60740"
"2015-08-04","60450","61830","60360","61380","502800","61380"
"2015-08-05","59580","59960","58440","58480","910800","58480"
"2015-08-06","58880","58900","56920","57220","854100","57220"
"2015-08-07","56430","57080","56200","56700","643700","56700"
"2015-08-10","56050","57320","55910","56540","563000","56540"
"2015-08-11","56540","56760","55020","55550","712200","55550"
"2015-08-12","55000","55670","54000","54000","853500","54000"
"2015-08-13","54880","55720","54320","55510","738900","55510"
"2015-08-14","55090","55450","54470","54990","612900","54990"
"2015-08-17","55390","55620","55110","55500","254500","55500"
"2015-08-18","55500","55940","54400","54510","420900","54510"
"2015-08-19","54130","54740","53740","53860","485500","53860"
"2015-08-20","53920","54650","53250","54040","465800","54040"
"2015-08-21","53130","53680","52140","52170","675800","52170"
"2015-08-24","51440","52890","50120","50900","1074700","50900"
"2015-08-25","49900","51450","47660","47975","1550200","47975"
"2015-08-26","47275","50710","46210","50620","1478500","50620"
"2015-08-27","51000","51380","49620","50290","749100","50290"
"2015-08-28","50880","51090","50070","50830","645900","50830"
"2015-08-31","50430","50640","48890","49265","700000","49265"
"2015-09-01","48990","49145","47480","47480","725400","47480"
"2015-09-02","46845","49595","46680","48400","946400","48400"
"2015-09-03","49515","49550","47510","47795","699500","47795"
"2015-09-04","48150","48345","46120","46465","667100","46465"
"2015-09-07","46110","47595","45270","46665","696300","46665"
"2015-09-08","47155","47270","45125","45170","608900","45170"
"2015-09-09","46950","49725","46260","49725","1322600","49725"
"2015-09-10","47625","47995","45960","46925","1201700","46925"
"2015-09-11","46160","47860","46060","47620","2153600","47620"
"2015-09-14","48060","48250","46020","46365","672500","46365"
"2015-09-15","46700","47900","46655","47150","707200","47150"
"2015-09-16","47550","47885","45895","46375","660100","46375"
"2015-09-17","47075","47460","46665","47405","493800","47405"
"2015-09-18","46710","47245","46160","46160","570000","46160"
"2015-09-24","45000","46260","44660","45300","536700","45300"
"2015-09-25","45410","46800","45410","46800","769700","46800"
"2015-09-28","46850","47560","46400","47490","644100","47490"
"2015-09-29","47140","47370","46690","47150","960200","47150"
"2015-09-30","47700","48660","47280","48490","814000","48490"
"2015-10-01","48370","49940","48030","49300","808500","49300"
"2015-10-02","49120","49830","48600","48730","425900","48730"
"2015-10-05","49260","49940","49110","49730","515100","49730"
"2015-10-06","50390","50700","49580","50590","606400","50590"
"2015-10-07","49750","50190","48910","49800","667900","49800"
"2015-10-08","49380","49480","48350","48640","552800","48640"
"2015-10-09","44440","44910","43710","43900","2522700","43900"
"2015-10-13","43600","43600","41970","42260","1425600","42260"
"2015-10-14","42000","43530","41650","42730","1391000","42730"
"2015-10-15","42300","43290","41830","42870","748300","42870"
"2015-10-16","43330","43680","43080","43400","570300","43400"
"2015-10-19","43060","43580","42940","43130","585400","43130"
"2015-10-20","43310","43520","42980","43200","312800","43200"
"2015-10-21","43050","44080","42990","43810","615500","43810"
"2015-10-22","43200","43700","43010","43220","468300","43220"
"2015-10-23","43920","44290","43730","43870","880200","43870"
"2015-10-26","44480","44500","43910","44000","451100","44000"
"2015-10-27","44150","44280","43650","43780","524300","43780"
"2015-10-28","44060","44190","43800","44130","357800","44130"
"2015-10-29","44470","44480","42960","43420","524600","43420"
"2015-10-30","43400","44560","42930","44380","734900","44380"
"2015-11-02","43760","44470","43150","43220","442500","43220"
"2015-11-04","43920","44870","43690","44350","688800","44350"
"2015-11-05","44600","44920","44160","44770","482000","44770"
"2015-11-06","44920","45430","44720","45400","499900","45400"
"2015-11-09","46390","46880","46250","46720","737700","46720"
"2015-11-10","46550","47650","46420","47600","574400","47600"
"2015-11-11","47560","48200","47300","47420","542700","47420"
"2015-11-12","47350","47890","47290","47880","376100","47880"
"2015-11-13","47700","47820","46900","47490","726600","47490"
"2015-11-16","46460","46770","46300","46440","474700","46440"
"2015-11-17","47330","47650","46950","47400","645100","47400"
"2015-11-18","48000","48400","47450","47480","585200","47480"
"2015-11-19","48210","48870","47730","48350","713500","48350"
"2015-11-20","48400","48500","47890","48210","420200","48210"
"2015-11-24","48150","48320","47980","48230","317200","48230"
"2015-11-25","48240","48500","47810","48480","404900","48480"
"2015-11-26","48720","49480","48710","49330","498000","49330"
"2015-11-27","49390","49840","49250","49640","489800","49640"
"2015-11-30","49610","49980","49430","49780","487300","49780"
"2015-12-01","49880","50080","49400","49890","616300","49890"
"2015-12-02","49600","49640","48910","48980","514800","48980"
"2015-12-03","48110","48310","47170","48210","916600","48210"
"2015-12-04","47110","47660","46560","46720","700800","46720"
"2015-12-07","47470","47860","47340","47520","394400","47520"
"2015-12-08","47240","47960","47030","47160","386200","47160"
"2015-12-09","47110","47300","46290","46610","447700","46610"
"2015-12-10","45650","45850","45300","45440","562700","45440"
"2015-12-11","45190","46270","45190","45940","1498900","45940"
"2015-12-14","44540","44790","44310","44520","624100","44520"
"2015-12-15","44800","45050","43880","43980","499900","43980"
"2015-12-16","44660","44960","44010","44520","651600","44520"
"2015-12-17","45490","45790","44890","45180","929900","45180"
"2015-12-18","45300","47120","44030","44070","1312600","44070"
"2015-12-21","43650","44240","42860","43750","683300","43750"
"2015-12-22","43940","44000","43120","43230","396800","43230"
"2015-12-24","43920","43920","43030","43050","459000","43050"
"2015-12-25","43000","43540","42850","43140","348500","43140"
"2015-12-28","43240","43350","42300","42590","331200","42590"
"2015-12-29","42240","42780","41860","42160","500600","42160"
"2015-12-30","42300","42700","41950","42640","388000","42640"
