{
    "dialogue-id": "1407744319", 
    "group-id": "init100", 
    "speaker-id": "09_02", 
    "turns": [
        {
            "annotations": [
                {
                    "annotator-id": "01_A", 
                    "breakdown": "O", 
                    "comment": "", 
                    "ungrammatical-sentence": "O"
                }, 
                {
                    "annotator-id": "01_B", 
                    "breakdown": "O", 
                    "comment": "", 
                    "ungrammatical-sentence": "O"
                }, 
                {
                    "annotator-id": "02_A", 
                    "breakdown": "O", 
                    "comment": "", 
                    "ungrammatical-sentence": "O"
                }, 
                {
                    "annotator-id": "02_B", 
                    "breakdown": "O", 
                    "comment": "", 
                    "ungrammatical-sentence": "O"
                }, 
                {
                    "annotator-id": "03_A", 
                    "breakdown": "O", 
                    "comment": "", 
                    "ungrammatical-sentence": "O"
                }, 
                {
                    "annotator-id": "04_A", 
                    "breakdown": "O", 
                    "comment": "", 
                    "ungrammatical-sentence": "O"
                }, 
                {
                    "annotator-id": "04_B", 
                    "breakdown": "O", 
                    "comment": "", 
                    "ungrammatical-sentence": "O"
                }, 
                {
                    "annotator-id": "05_A", 
                    "breakdown": "O", 
                    "comment": "", 
                    "ungrammatical-sentence": "O"
                }, 
                {
                    "annotator-id": "05_B", 
                    "breakdown": "O", 
                    "comment": "", 
                    "ungrammatical-sentence": "O"
                }, 
                {
                    "annotator-id": "06_A", 
                    "breakdown": "O", 
                    "comment": "", 
                    "ungrammatical-sentence": "O"
                }, 
                {
                    "annotator-id": "07_A", 
                    "breakdown": "O", 
                    "comment": "", 
                    "ungrammatical-sentence": "O"
                }, 
                {
                    "annotator-id": "08_A", 
                    "breakdown": "O", 
                    "comment": "", 
                    "ungrammatical-sentence": "O"
                }, 
                {
                    "annotator-id": "08_B", 
                    "breakdown": "O", 
                    "comment": "", 
                    "ungrammatical-sentence": "O"
                }, 
                {
                    "annotator-id": "08_C", 
                    "breakdown": "O", 
                    "comment": "", 
                    "ungrammatical-sentence": "O"
                }, 
                {
                    "annotator-id": "09_A", 
                    "breakdown": "O", 
                    "comment": "", 
                    "ungrammatical-sentence": "O"
                }, 
                {
                    "annotator-id": "09_B", 
                    "breakdown": "O", 
                    "comment": "", 
                    "ungrammatical-sentence": "O"
                }, 
                {
                    "annotator-id": "10_A", 
                    "breakdown": "O", 
                    "comment": "", 
                    "ungrammatical-sentence": "O"
                }, 
                {
                    "annotator-id": "10_B", 
                    "breakdown": "O", 
                    "comment": "", 
                    "ungrammatical-sentence": "O"
                }, 
                {
                    "annotator-id": "11_A", 
                    "breakdown": "O", 
                    "comment": "", 
                    "ungrammatical-sentence": "O"
                }, 
                {
                    "annotator-id": "12_A", 
                    "breakdown": "O", 
                    "comment": "", 
                    "ungrammatical-sentence": "O"
                }, 
                {
                    "annotator-id": "13_A", 
                    "breakdown": "O", 
                    "comment": "", 
                    "ungrammatical-sentence": "O"
                }, 
                {
                    "annotator-id": "13_B", 
                    "breakdown": "O", 
                    "comment": "", 
                    "ungrammatical-sentence": "O"
                }, 
                {
                    "annotator-id": "14_A", 
                    "breakdown": "O", 
                    "comment": "", 
                    "ungrammatical-sentence": "O"
                }, 
                {
                    "annotator-id": "15_A", 
                    "breakdown": "O", 
                    "comment": "", 
                    "ungrammatical-sentence": "O"
                }
            ], 
            "speaker": "S", 
            "time": "2014-08-11 17:01:23", 
            "turn-index": 0, 
            "utterance": "こんにちは！海へ行きたいね。"
        }, 
        {
            "annotations": [], 
            "speaker": "U", 
            "time": "2014-08-11 17:01:45", 
            "turn-index": 1, 
            "utterance": "こんにちは。"
        }, 
        {
            "annotations": [
                {
                    "annotator-id": "01_A", 
                    "breakdown": "O", 
                    "comment": "", 
                    "ungrammatical-sentence": "O"
                }, 
                {
                    "annotator-id": "01_B", 
                    "breakdown": "O", 
                    "comment": "", 
                    "ungrammatical-sentence": "O"
                }, 
                {
                    "annotator-id": "02_A", 
                    "breakdown": "O", 
                    "comment": "", 
                    "ungrammatical-sentence": "O"
                }, 
                {
                    "annotator-id": "02_B", 
                    "breakdown": "X", 
                    "comment": "", 
                    "ungrammatical-sentence": "O"
                }, 
                {
                    "annotator-id": "03_A", 
                    "breakdown": "O", 
                    "comment": "", 
                    "ungrammatical-sentence": "O"
                }, 
                {
                    "annotator-id": "04_A", 
                    "breakdown": "O", 
                    "comment": "", 
                    "ungrammatical-sentence": "O"
                }, 
                {
                    "annotator-id": "04_B", 
                    "breakdown": "O", 
                    "comment": "", 
                    "ungrammatical-sentence": "O"
                }, 
                {
                    "annotator-id": "05_A", 
                    "breakdown": "O", 
                    "comment": "", 
                    "ungrammatical-sentence": "O"
                }, 
                {
                    "annotator-id": "05_B", 
                    "breakdown": "T", 
                    "comment": "挨拶を返すべきではない", 
                    "ungrammatical-sentence": "O"
                }, 
                {
                    "annotator-id": "06_A", 
                    "breakdown": "O", 
                    "comment": "", 
                    "ungrammatical-sentence": "O"
                }, 
                {
                    "annotator-id": "07_A", 
                    "breakdown": "O", 
                    "comment": "", 
                    "ungrammatical-sentence": "O"
                }, 
                {
                    "annotator-id": "08_A", 
                    "breakdown": "O", 
                    "comment": "", 
                    "ungrammatical-sentence": "O"
                }, 
                {
                    "annotator-id": "08_B", 
                    "breakdown": "O", 
                    "comment": "", 
                    "ungrammatical-sentence": "O"
                }, 
                {
                    "annotator-id": "08_C", 
                    "breakdown": "O", 
                    "comment": "", 
                    "ungrammatical-sentence": "O"
                }, 
                {
                    "annotator-id": "09_A", 
                    "breakdown": "T", 
                    "comment": "あいさつはもうしている", 
                    "ungrammatical-sentence": "O"
                }, 
                {
                    "annotator-id": "09_B", 
                    "breakdown": "O", 
                    "comment": "", 
                    "ungrammatical-sentence": "O"
                }, 
                {
                    "annotator-id": "10_A", 
                    "breakdown": "O", 
                    "comment": "", 
                    "ungrammatical-sentence": "O"
                }, 
                {
                    "annotator-id": "10_B", 
                    "breakdown": "O", 
                    "comment": "", 
                    "ungrammatical-sentence": "O"
                }, 
                {
                    "annotator-id": "11_A", 
                    "breakdown": "O", 
                    "comment": "", 
                    "ungrammatical-sentence": "O"
                }, 
                {
                    "annotator-id": "12_A", 
                    "breakdown": "O", 
                    "comment": "", 
                    "ungrammatical-sentence": "O"
                }, 
                {
                    "annotator-id": "13_A", 
                    "breakdown": "O", 
                    "comment": "", 
                    "ungrammatical-sentence": "O"
                }, 
                {
                    "annotator-id": "13_B", 
                    "breakdown": "O", 
                    "comment": "", 
                    "ungrammatical-sentence": "O"
                }, 
                {
                    "annotator-id": "14_A", 
                    "breakdown": "O", 
                    "comment": "", 
                    "ungrammatical-sentence": "O"
                }, 
                {
                    "annotator-id": "15_A", 
                    "breakdown": "O", 
                    "comment": "", 
                    "ungrammatical-sentence": "O"
                }
            ], 
            "speaker": "S", 
            "time": "2014-08-11 17:01:45", 
            "turn-index": 2, 
            "utterance": "こんにちは"
        }, 
        {
            "annotations": [], 
            "speaker": "U", 
            "time": "2014-08-11 17:01:52", 
            "turn-index": 3, 
            "utterance": "夏といえば海ですね。"
        }, 
        {
            "annotations": [
                {
                    "annotator-id": "01_A", 
                    "breakdown": "O", 
                    "comment": "", 
                    "ungrammatical-sentence": "O"
                }, 
                {
                    "annotator-id": "01_B", 
                    "breakdown": "O", 
                    "comment": "", 
                    "ungrammatical-sentence": "O"
                }, 
                {
                    "annotator-id": "02_A", 
                    "breakdown": "O", 
                    "comment": "", 
                    "ungrammatical-sentence": "O"
                }, 
                {
                    "annotator-id": "02_B", 
                    "breakdown": "T", 
                    "comment": "", 
                    "ungrammatical-sentence": "O"
                }, 
                {
                    "annotator-id": "03_A", 
                    "breakdown": "O", 
                    "comment": "", 
                    "ungrammatical-sentence": "O"
                }, 
                {
                    "annotator-id": "04_A", 
                    "breakdown": "T", 
                    "comment": "同意の求め方が唐突", 
                    "ungrammatical-sentence": "O"
                }, 
                {
                    "annotator-id": "04_B", 
                    "breakdown": "O", 
                    "comment": "", 
                    "ungrammatical-sentence": "O"
                }, 
                {
                    "annotator-id": "05_A", 
                    "breakdown": "O", 
                    "comment": "", 
                    "ungrammatical-sentence": "O"
                }, 
                {
                    "annotator-id": "05_B", 
                    "breakdown": "O", 
                    "comment": "", 
                    "ungrammatical-sentence": "O"
                }, 
                {
                    "annotator-id": "06_A", 
                    "breakdown": "O", 
                    "comment": "", 
                    "ungrammatical-sentence": "O"
                }, 
                {
                    "annotator-id": "07_A", 
                    "breakdown": "O", 
                    "comment": "", 
                    "ungrammatical-sentence": "O"
                }, 
                {
                    "annotator-id": "08_A", 
                    "breakdown": "O", 
                    "comment": "", 
                    "ungrammatical-sentence": "O"
                }, 
                {
                    "annotator-id": "08_B", 
                    "breakdown": "O", 
                    "comment": "", 
                    "ungrammatical-sentence": "O"
                }, 
                {
                    "annotator-id": "08_C", 
                    "breakdown": "O", 
                    "comment": "", 
                    "ungrammatical-sentence": "O"
                }, 
                {
                    "annotator-id": "09_A", 
                    "breakdown": "O", 
                    "comment": "", 
                    "ungrammatical-sentence": "O"
                }, 
                {
                    "annotator-id": "09_B", 
                    "breakdown": "O", 
                    "comment": "", 
                    "ungrammatical-sentence": "O"
                }, 
                {
                    "annotator-id": "10_A", 
                    "breakdown": "T", 
                    "comment": "", 
                    "ungrammatical-sentence": "O"
                }, 
                {
                    "annotator-id": "10_B", 
                    "breakdown": "T", 
                    "comment": "誰が？なぜ？朝から？", 
                    "ungrammatical-sentence": "O"
                }, 
                {
                    "annotator-id": "11_A", 
                    "breakdown": "O", 
                    "comment": "", 
                    "ungrammatical-sentence": "O"
                }, 
                {
                    "annotator-id": "12_A", 
                    "breakdown": "O", 
                    "comment": "", 
                    "ungrammatical-sentence": "O"
                }, 
                {
                    "annotator-id": "13_A", 
                    "breakdown": "O", 
                    "comment": "", 
                    "ungrammatical-sentence": "O"
                }, 
                {
                    "annotator-id": "13_B", 
                    "breakdown": "O", 
                    "comment": "", 
                    "ungrammatical-sentence": "O"
                }, 
                {
                    "annotator-id": "14_A", 
                    "breakdown": "O", 
                    "comment": "", 
                    "ungrammatical-sentence": "O"
                }, 
                {
                    "annotator-id": "15_A", 
                    "breakdown": "O", 
                    "comment": "", 
                    "ungrammatical-sentence": "O"
                }
            ], 
            "speaker": "S", 
            "time": "2014-08-11 17:01:52", 
            "turn-index": 4, 
            "utterance": "朝から海に行きますよねー"
        }, 
        {
            "annotations": [], 
            "speaker": "U", 
            "time": "2014-08-11 17:02:13", 
            "turn-index": 5, 
            "utterance": "海が好きなんですね。"
        }, 
        {
            "annotations": [
                {
                    "annotator-id": "01_A", 
                    "breakdown": "O", 
                    "comment": "", 
                    "ungrammatical-sentence": "O"
                }, 
                {
                    "annotator-id": "01_B", 
                    "breakdown": "O", 
                    "comment": "", 
                    "ungrammatical-sentence": "O"
                }, 
                {
                    "annotator-id": "02_A", 
                    "breakdown": "O", 
                    "comment": "", 
                    "ungrammatical-sentence": "O"
                }, 
                {
                    "annotator-id": "02_B", 
                    "breakdown": "T", 
                    "comment": "", 
                    "ungrammatical-sentence": "O"
                }, 
                {
                    "annotator-id": "03_A", 
                    "breakdown": "O", 
                    "comment": "", 
                    "ungrammatical-sentence": "O"
                }, 
                {
                    "annotator-id": "04_A", 
                    "breakdown": "T", 
                    "comment": "同上", 
                    "ungrammatical-sentence": "O"
                }, 
                {
                    "annotator-id": "04_B", 
                    "breakdown": "O", 
                    "comment": "", 
                    "ungrammatical-sentence": "O"
                }, 
                {
                    "annotator-id": "05_A", 
                    "breakdown": "O", 
                    "comment": "", 
                    "ungrammatical-sentence": "O"
                }, 
                {
                    "annotator-id": "05_B", 
                    "breakdown": "O", 
                    "comment": "", 
                    "ungrammatical-sentence": "O"
                }, 
                {
                    "annotator-id": "06_A", 
                    "breakdown": "O", 
                    "comment": "", 
                    "ungrammatical-sentence": "O"
                }, 
                {
                    "annotator-id": "07_A", 
                    "breakdown": "O", 
                    "comment": "", 
                    "ungrammatical-sentence": "O"
                }, 
                {
                    "annotator-id": "08_A", 
                    "breakdown": "O", 
                    "comment": "", 
                    "ungrammatical-sentence": "O"
                }, 
                {
                    "annotator-id": "08_B", 
                    "breakdown": "O", 
                    "comment": "", 
                    "ungrammatical-sentence": "O"
                }, 
                {
                    "annotator-id": "08_C", 
                    "breakdown": "O", 
                    "comment": "", 
                    "ungrammatical-sentence": "O"
                }, 
                {
                    "annotator-id": "09_A", 
                    "breakdown": "O", 
                    "comment": "", 
                    "ungrammatical-sentence": "O"
                }, 
                {
                    "annotator-id": "09_B", 
                    "breakdown": "O", 
                    "comment": "", 
                    "ungrammatical-sentence": "O"
                }, 
                {
                    "annotator-id": "10_A", 
                    "breakdown": "T", 
                    "comment": "", 
                    "ungrammatical-sentence": "O"
                }, 
                {
                    "annotator-id": "10_B", 
                    "breakdown": "O", 
                    "comment": "", 
                    "ungrammatical-sentence": "O"
                }, 
                {
                    "annotator-id": "11_A", 
                    "breakdown": "O", 
                    "comment": "", 
                    "ungrammatical-sentence": "O"
                }, 
                {
                    "annotator-id": "12_A", 
                    "breakdown": "O", 
                    "comment": "", 
                    "ungrammatical-sentence": "O"
                }, 
                {
                    "annotator-id": "13_A", 
                    "breakdown": "O", 
                    "comment": "", 
                    "ungrammatical-sentence": "O"
                }, 
                {
                    "annotator-id": "13_B", 
                    "breakdown": "O", 
                    "comment": "", 
                    "ungrammatical-sentence": "O"
                }, 
                {
                    "annotator-id": "14_A", 
                    "breakdown": "O", 
                    "comment": "", 
                    "ungrammatical-sentence": "O"
                }, 
                {
                    "annotator-id": "15_A", 
                    "breakdown": "O", 
                    "comment": "", 
                    "ungrammatical-sentence": "O"
                }
            ], 
            "speaker": "S", 
            "time": "2014-08-11 17:02:13", 
            "turn-index": 6, 
            "utterance": "海は一人で行きますよねー"
        }, 
        {
            "annotations": [], 
            "speaker": "U", 
            "time": "2014-08-11 17:02:45", 
            "turn-index": 7, 
            "utterance": "一人で行くんですか？"
        }, 
        {
            "annotations": [
                {
                    "annotator-id": "01_A", 
                    "breakdown": "T", 
                    "comment": "", 
                    "ungrammatical-sentence": "O"
                }, 
                {
                    "annotator-id": "01_B", 
                    "breakdown": "O", 
                    "comment": "", 
                    "ungrammatical-sentence": "O"
                }, 
                {
                    "annotator-id": "02_A", 
                    "breakdown": "X", 
                    "comment": "", 
                    "ungrammatical-sentence": "O"
                }, 
                {
                    "annotator-id": "02_B", 
                    "breakdown": "X", 
                    "comment": "", 
                    "ungrammatical-sentence": "O"
                }, 
                {
                    "annotator-id": "03_A", 
                    "breakdown": "O", 
                    "comment": "", 
                    "ungrammatical-sentence": "O"
                }, 
                {
                    "annotator-id": "04_A", 
                    "breakdown": "T", 
                    "comment": "", 
                    "ungrammatical-sentence": "O"
                }, 
                {
                    "annotator-id": "04_B", 
                    "breakdown": "T", 
                    "comment": "さっきまでは海に行く話をしていたのに、「行ってない」といわれるのは心外", 
                    "ungrammatical-sentence": "O"
                }, 
                {
                    "annotator-id": "05_A", 
                    "breakdown": "X", 
                    "comment": "", 
                    "ungrammatical-sentence": "O"
                }, 
                {
                    "annotator-id": "05_B", 
                    "breakdown": "O", 
                    "comment": "", 
                    "ungrammatical-sentence": "O"
                }, 
                {
                    "annotator-id": "06_A", 
                    "breakdown": "T", 
                    "comment": "", 
                    "ungrammatical-sentence": "O"
                }, 
                {
                    "annotator-id": "07_A", 
                    "breakdown": "O", 
                    "comment": "", 
                    "ungrammatical-sentence": "O"
                }, 
                {
                    "annotator-id": "08_A", 
                    "breakdown": "T", 
                    "comment": "", 
                    "ungrammatical-sentence": "O"
                }, 
                {
                    "annotator-id": "08_B", 
                    "breakdown": "O", 
                    "comment": "", 
                    "ungrammatical-sentence": "O"
                }, 
                {
                    "annotator-id": "08_C", 
                    "breakdown": "T", 
                    "comment": "", 
                    "ungrammatical-sentence": "O"
                }, 
                {
                    "annotator-id": "09_A", 
                    "breakdown": "T", 
                    "comment": "質問に答えていない", 
                    "ungrammatical-sentence": "O"
                }, 
                {
                    "annotator-id": "09_B", 
                    "breakdown": "O", 
                    "comment": "", 
                    "ungrammatical-sentence": "O"
                }, 
                {
                    "annotator-id": "10_A", 
                    "breakdown": "X", 
                    "comment": "", 
                    "ungrammatical-sentence": "O"
                }, 
                {
                    "annotator-id": "10_B", 
                    "breakdown": "O", 
                    "comment": "", 
                    "ungrammatical-sentence": "O"
                }, 
                {
                    "annotator-id": "11_A", 
                    "breakdown": "X", 
                    "comment": "", 
                    "ungrammatical-sentence": "O"
                }, 
                {
                    "annotator-id": "12_A", 
                    "breakdown": "O", 
                    "comment": "", 
                    "ungrammatical-sentence": "O"
                }, 
                {
                    "annotator-id": "13_A", 
                    "breakdown": "O", 
                    "comment": "", 
                    "ungrammatical-sentence": "O"
                }, 
                {
                    "annotator-id": "13_B", 
                    "breakdown": "T", 
                    "comment": "ずれた回答", 
                    "ungrammatical-sentence": "O"
                }, 
                {
                    "annotator-id": "14_A", 
                    "breakdown": "X", 
                    "comment": "", 
                    "ungrammatical-sentence": "O"
                }, 
                {
                    "annotator-id": "15_A", 
                    "breakdown": "O", 
                    "comment": "", 
                    "ungrammatical-sentence": "O"
                }
            ], 
            "speaker": "S", 
            "time": "2014-08-11 17:02:45", 
            "turn-index": 8, 
            "utterance": "海に行ってないなあ"
        }, 
        {
            "annotations": [], 
            "speaker": "U", 
            "time": "2014-08-11 17:02:53", 
            "turn-index": 9, 
            "utterance": "忙しいんですか？"
        }, 
        {
            "annotations": [
                {
                    "annotator-id": "01_A", 
                    "breakdown": "T", 
                    "comment": "", 
                    "ungrammatical-sentence": "O"
                }, 
                {
                    "annotator-id": "01_B", 
                    "breakdown": "O", 
                    "comment": "", 
                    "ungrammatical-sentence": "O"
                }, 
                {
                    "annotator-id": "02_A", 
                    "breakdown": "X", 
                    "comment": "", 
                    "ungrammatical-sentence": "O"
                }, 
                {
                    "annotator-id": "02_B", 
                    "breakdown": "T", 
                    "comment": "", 
                    "ungrammatical-sentence": "O"
                }, 
                {
                    "annotator-id": "03_A", 
                    "breakdown": "X", 
                    "comment": "", 
                    "ungrammatical-sentence": "O"
                }, 
                {
                    "annotator-id": "04_A", 
                    "breakdown": "X", 
                    "comment": "かみあってない", 
                    "ungrammatical-sentence": "O"
                }, 
                {
                    "annotator-id": "04_B", 
                    "breakdown": "T", 
                    "comment": "", 
                    "ungrammatical-sentence": "O"
                }, 
                {
                    "annotator-id": "05_A", 
                    "breakdown": "X", 
                    "comment": "", 
                    "ungrammatical-sentence": "O"
                }, 
                {
                    "annotator-id": "05_B", 
                    "breakdown": "X", 
                    "comment": "返答として不適切", 
                    "ungrammatical-sentence": "O"
                }, 
                {
                    "annotator-id": "06_A", 
                    "breakdown": "T", 
                    "comment": "", 
                    "ungrammatical-sentence": "O"
                }, 
                {
                    "annotator-id": "07_A", 
                    "breakdown": "X", 
                    "comment": "", 
                    "ungrammatical-sentence": "O"
                }, 
                {
                    "annotator-id": "08_A", 
                    "breakdown": "O", 
                    "comment": "", 
                    "ungrammatical-sentence": "O"
                }, 
                {
                    "annotator-id": "08_B", 
                    "breakdown": "T", 
                    "comment": "", 
                    "ungrammatical-sentence": "O"
                }, 
                {
                    "annotator-id": "08_C", 
                    "breakdown": "T", 
                    "comment": "", 
                    "ungrammatical-sentence": "O"
                }, 
                {
                    "annotator-id": "09_A", 
                    "breakdown": "T", 
                    "comment": "質問に答えていない", 
                    "ungrammatical-sentence": "O"
                }, 
                {
                    "annotator-id": "09_B", 
                    "breakdown": "T", 
                    "comment": "前の文で同じことを言っている", 
                    "ungrammatical-sentence": "O"
                }, 
                {
                    "annotator-id": "10_A", 
                    "breakdown": "X", 
                    "comment": "", 
                    "ungrammatical-sentence": "O"
                }, 
                {
                    "annotator-id": "10_B", 
                    "breakdown": "T", 
                    "comment": "ユーザの質問無視，発言の繰り返し", 
                    "ungrammatical-sentence": "O"
                }, 
                {
                    "annotator-id": "11_A", 
                    "breakdown": "X", 
                    "comment": "", 
                    "ungrammatical-sentence": "O"
                }, 
                {
                    "annotator-id": "12_A", 
                    "breakdown": "O", 
                    "comment": "", 
                    "ungrammatical-sentence": "O"
                }, 
                {
                    "annotator-id": "13_A", 
                    "breakdown": "T", 
                    "comment": "答えてくれない", 
                    "ungrammatical-sentence": "O"
                }, 
                {
                    "annotator-id": "13_B", 
                    "breakdown": "T", 
                    "comment": "ずれた回答", 
                    "ungrammatical-sentence": "O"
                }, 
                {
                    "annotator-id": "14_A", 
                    "breakdown": "X", 
                    "comment": "", 
                    "ungrammatical-sentence": "O"
                }, 
                {
                    "annotator-id": "15_A", 
                    "breakdown": "O", 
                    "comment": "", 
                    "ungrammatical-sentence": "O"
                }
            ], 
            "speaker": "S", 
            "time": "2014-08-11 17:02:53", 
            "turn-index": 10, 
            "utterance": "海は一人で行くのです"
        }, 
        {
            "annotations": [], 
            "speaker": "U", 
            "time": "2014-08-11 17:03:46", 
            "turn-index": 11, 
            "utterance": "いいですね。"
        }, 
        {
            "annotations": [
                {
                    "annotator-id": "01_A", 
                    "breakdown": "O", 
                    "comment": "", 
                    "ungrammatical-sentence": "O"
                }, 
                {
                    "annotator-id": "01_B", 
                    "breakdown": "O", 
                    "comment": "", 
                    "ungrammatical-sentence": "O"
                }, 
                {
                    "annotator-id": "02_A", 
                    "breakdown": "O", 
                    "comment": "", 
                    "ungrammatical-sentence": "O"
                }, 
                {
                    "annotator-id": "02_B", 
                    "breakdown": "X", 
                    "comment": "", 
                    "ungrammatical-sentence": "O"
                }, 
                {
                    "annotator-id": "03_A", 
                    "breakdown": "O", 
                    "comment": "", 
                    "ungrammatical-sentence": "O"
                }, 
                {
                    "annotator-id": "04_A", 
                    "breakdown": "X", 
                    "comment": "", 
                    "ungrammatical-sentence": "O"
                }, 
                {
                    "annotator-id": "04_B", 
                    "breakdown": "O", 
                    "comment": "", 
                    "ungrammatical-sentence": "O"
                }, 
                {
                    "annotator-id": "05_A", 
                    "breakdown": "O", 
                    "comment": "", 
                    "ungrammatical-sentence": "O"
                }, 
                {
                    "annotator-id": "05_B", 
                    "breakdown": "O", 
                    "comment": "", 
                    "ungrammatical-sentence": "O"
                }, 
                {
                    "annotator-id": "06_A", 
                    "breakdown": "O", 
                    "comment": "", 
                    "ungrammatical-sentence": "O"
                }, 
                {
                    "annotator-id": "07_A", 
                    "breakdown": "O", 
                    "comment": "", 
                    "ungrammatical-sentence": "O"
                }, 
                {
                    "annotator-id": "08_A", 
                    "breakdown": "O", 
                    "comment": "", 
                    "ungrammatical-sentence": "O"
                }, 
                {
                    "annotator-id": "08_B", 
                    "breakdown": "O", 
                    "comment": "", 
                    "ungrammatical-sentence": "O"
                }, 
                {
                    "annotator-id": "08_C", 
                    "breakdown": "O", 
                    "comment": "", 
                    "ungrammatical-sentence": "O"
                }, 
                {
                    "annotator-id": "09_A", 
                    "breakdown": "O", 
                    "comment": "", 
                    "ungrammatical-sentence": "O"
                }, 
                {
                    "annotator-id": "09_B", 
                    "breakdown": "O", 
                    "comment": "", 
                    "ungrammatical-sentence": "O"
                }, 
                {
                    "annotator-id": "10_A", 
                    "breakdown": "O", 
                    "comment": "", 
                    "ungrammatical-sentence": "O"
                }, 
                {
                    "annotator-id": "10_B", 
                    "breakdown": "O", 
                    "comment": "", 
                    "ungrammatical-sentence": "O"
                }, 
                {
                    "annotator-id": "11_A", 
                    "breakdown": "T", 
                    "comment": "", 
                    "ungrammatical-sentence": "O"
                }, 
                {
                    "annotator-id": "12_A", 
                    "breakdown": "O", 
                    "comment": "", 
                    "ungrammatical-sentence": "O"
                }, 
                {
                    "annotator-id": "13_A", 
                    "breakdown": "O", 
                    "comment": "", 
                    "ungrammatical-sentence": "O"
                }, 
                {
                    "annotator-id": "13_B", 
                    "breakdown": "O", 
                    "comment": "", 
                    "ungrammatical-sentence": "O"
                }, 
                {
                    "annotator-id": "14_A", 
                    "breakdown": "X", 
                    "comment": "", 
                    "ungrammatical-sentence": "O"
                }, 
                {
                    "annotator-id": "15_A", 
                    "breakdown": "O", 
                    "comment": "", 
                    "ungrammatical-sentence": "O"
                }
            ], 
            "speaker": "S", 
            "time": "2014-08-11 17:03:46", 
            "turn-index": 12, 
            "utterance": "やったーありがとう"
        }, 
        {
            "annotations": [], 
            "speaker": "U", 
            "time": "2014-08-11 17:04:08", 
            "turn-index": 13, 
            "utterance": "海以外はどうですか？"
        }, 
        {
            "annotations": [
                {
                    "annotator-id": "01_A", 
                    "breakdown": "T", 
                    "comment": "", 
                    "ungrammatical-sentence": "O"
                }, 
                {
                    "annotator-id": "01_B", 
                    "breakdown": "T", 
                    "comment": "", 
                    "ungrammatical-sentence": "O"
                }, 
                {
                    "annotator-id": "02_A", 
                    "breakdown": "O", 
                    "comment": "", 
                    "ungrammatical-sentence": "O"
                }, 
                {
                    "annotator-id": "02_B", 
                    "breakdown": "X", 
                    "comment": "", 
                    "ungrammatical-sentence": "O"
                }, 
                {
                    "annotator-id": "03_A", 
                    "breakdown": "T", 
                    "comment": "", 
                    "ungrammatical-sentence": "O"
                }, 
                {
                    "annotator-id": "04_A", 
                    "breakdown": "T", 
                    "comment": "何が？", 
                    "ungrammatical-sentence": "O"
                }, 
                {
                    "annotator-id": "04_B", 
                    "breakdown": "X", 
                    "comment": "13の質問と合わない", 
                    "ungrammatical-sentence": "O"
                }, 
                {
                    "annotator-id": "05_A", 
                    "breakdown": "X", 
                    "comment": "", 
                    "ungrammatical-sentence": "O"
                }, 
                {
                    "annotator-id": "05_B", 
                    "breakdown": "T", 
                    "comment": "海以外の単語を吐き出せていない", 
                    "ungrammatical-sentence": "O"
                }, 
                {
                    "annotator-id": "06_A", 
                    "breakdown": "T", 
                    "comment": "", 
                    "ungrammatical-sentence": "O"
                }, 
                {
                    "annotator-id": "07_A", 
                    "breakdown": "O", 
                    "comment": "", 
                    "ungrammatical-sentence": "O"
                }, 
                {
                    "annotator-id": "08_A", 
                    "breakdown": "X", 
                    "comment": "", 
                    "ungrammatical-sentence": "O"
                }, 
                {
                    "annotator-id": "08_B", 
                    "breakdown": "T", 
                    "comment": "", 
                    "ungrammatical-sentence": "O"
                }, 
                {
                    "annotator-id": "08_C", 
                    "breakdown": "T", 
                    "comment": "", 
                    "ungrammatical-sentence": "O"
                }, 
                {
                    "annotator-id": "09_A", 
                    "breakdown": "T", 
                    "comment": "海なのか海以外の話になったのか分からない", 
                    "ungrammatical-sentence": "O"
                }, 
                {
                    "annotator-id": "09_B", 
                    "breakdown": "T", 
                    "comment": "相手からの質問の答えになっていない", 
                    "ungrammatical-sentence": "O"
                }, 
                {
                    "annotator-id": "10_A", 
                    "breakdown": "X", 
                    "comment": "", 
                    "ungrammatical-sentence": "O"
                }, 
                {
                    "annotator-id": "10_B", 
                    "breakdown": "T", 
                    "comment": "何が？・ユーザの質問無視", 
                    "ungrammatical-sentence": "O"
                }, 
                {
                    "annotator-id": "11_A", 
                    "breakdown": "X", 
                    "comment": "", 
                    "ungrammatical-sentence": "O"
                }, 
                {
                    "annotator-id": "12_A", 
                    "breakdown": "T", 
                    "comment": "", 
                    "ungrammatical-sentence": "O"
                }, 
                {
                    "annotator-id": "13_A", 
                    "breakdown": "T", 
                    "comment": "答えてくれない", 
                    "ungrammatical-sentence": "O"
                }, 
                {
                    "annotator-id": "13_B", 
                    "breakdown": "T", 
                    "comment": "曖昧な回答", 
                    "ungrammatical-sentence": "O"
                }, 
                {
                    "annotator-id": "14_A", 
                    "breakdown": "X", 
                    "comment": "", 
                    "ungrammatical-sentence": "O"
                }, 
                {
                    "annotator-id": "15_A", 
                    "breakdown": "O", 
                    "comment": "", 
                    "ungrammatical-sentence": "O"
                }
            ], 
            "speaker": "S", 
            "time": "2014-08-11 17:04:08", 
            "turn-index": 14, 
            "utterance": "気持ちがいいですね"
        }, 
        {
            "annotations": [], 
            "speaker": "U", 
            "time": "2014-08-11 17:04:29", 
            "turn-index": 15, 
            "utterance": "潮風が気持ちよさそうですね。"
        }, 
        {
            "annotations": [
                {
                    "annotator-id": "01_A", 
                    "breakdown": "O", 
                    "comment": "", 
                    "ungrammatical-sentence": "O"
                }, 
                {
                    "annotator-id": "01_B", 
                    "breakdown": "O", 
                    "comment": "", 
                    "ungrammatical-sentence": "O"
                }, 
                {
                    "annotator-id": "02_A", 
                    "breakdown": "O", 
                    "comment": "", 
                    "ungrammatical-sentence": "O"
                }, 
                {
                    "annotator-id": "02_B", 
                    "breakdown": "T", 
                    "comment": "", 
                    "ungrammatical-sentence": "O"
                }, 
                {
                    "annotator-id": "03_A", 
                    "breakdown": "O", 
                    "comment": "", 
                    "ungrammatical-sentence": "O"
                }, 
                {
                    "annotator-id": "04_A", 
                    "breakdown": "O", 
                    "comment": "", 
                    "ungrammatical-sentence": "O"
                }, 
                {
                    "annotator-id": "04_B", 
                    "breakdown": "O", 
                    "comment": "", 
                    "ungrammatical-sentence": "O"
                }, 
                {
                    "annotator-id": "05_A", 
                    "breakdown": "O", 
                    "comment": "", 
                    "ungrammatical-sentence": "O"
                }, 
                {
                    "annotator-id": "05_B", 
                    "breakdown": "T", 
                    "comment": "「気持ちいいもの」に対する返答ではない", 
                    "ungrammatical-sentence": "O"
                }, 
                {
                    "annotator-id": "06_A", 
                    "breakdown": "O", 
                    "comment": "", 
                    "ungrammatical-sentence": "O"
                }, 
                {
                    "annotator-id": "07_A", 
                    "breakdown": "O", 
                    "comment": "", 
                    "ungrammatical-sentence": "O"
                }, 
                {
                    "annotator-id": "08_A", 
                    "breakdown": "T", 
                    "comment": "", 
                    "ungrammatical-sentence": "O"
                }, 
                {
                    "annotator-id": "08_B", 
                    "breakdown": "O", 
                    "comment": "", 
                    "ungrammatical-sentence": "O"
                }, 
                {
                    "annotator-id": "08_C", 
                    "breakdown": "O", 
                    "comment": "", 
                    "ungrammatical-sentence": "O"
                }, 
                {
                    "annotator-id": "09_A", 
                    "breakdown": "O", 
                    "comment": "", 
                    "ungrammatical-sentence": "O"
                }, 
                {
                    "annotator-id": "09_B", 
                    "breakdown": "O", 
                    "comment": "", 
                    "ungrammatical-sentence": "O"
                }, 
                {
                    "annotator-id": "10_A", 
                    "breakdown": "O", 
                    "comment": "", 
                    "ungrammatical-sentence": "O"
                }, 
                {
                    "annotator-id": "10_B", 
                    "breakdown": "T", 
                    "comment": "しつこい", 
                    "ungrammatical-sentence": "O"
                }, 
                {
                    "annotator-id": "11_A", 
                    "breakdown": "T", 
                    "comment": "", 
                    "ungrammatical-sentence": "O"
                }, 
                {
                    "annotator-id": "12_A", 
                    "breakdown": "O", 
                    "comment": "", 
                    "ungrammatical-sentence": "O"
                }, 
                {
                    "annotator-id": "13_A", 
                    "breakdown": "O", 
                    "comment": "", 
                    "ungrammatical-sentence": "O"
                }, 
                {
                    "annotator-id": "13_B", 
                    "breakdown": "O", 
                    "comment": "", 
                    "ungrammatical-sentence": "O"
                }, 
                {
                    "annotator-id": "14_A", 
                    "breakdown": "O", 
                    "comment": "", 
                    "ungrammatical-sentence": "O"
                }, 
                {
                    "annotator-id": "15_A", 
                    "breakdown": "O", 
                    "comment": "", 
                    "ungrammatical-sentence": "O"
                }
            ], 
            "speaker": "S", 
            "time": "2014-08-11 17:04:29", 
            "turn-index": 16, 
            "utterance": "海は好きですね"
        }, 
        {
            "annotations": [], 
            "speaker": "U", 
            "time": "2014-08-11 17:04:59", 
            "turn-index": 17, 
            "utterance": "山はどうですか？"
        }, 
        {
            "annotations": [
                {
                    "annotator-id": "01_A", 
                    "breakdown": "X", 
                    "comment": "", 
                    "ungrammatical-sentence": "O"
                }, 
                {
                    "annotator-id": "01_B", 
                    "breakdown": "O", 
                    "comment": "", 
                    "ungrammatical-sentence": "O"
                }, 
                {
                    "annotator-id": "02_A", 
                    "breakdown": "X", 
                    "comment": "", 
                    "ungrammatical-sentence": "O"
                }, 
                {
                    "annotator-id": "02_B", 
                    "breakdown": "X", 
                    "comment": "", 
                    "ungrammatical-sentence": "O"
                }, 
                {
                    "annotator-id": "03_A", 
                    "breakdown": "X", 
                    "comment": "", 
                    "ungrammatical-sentence": "O"
                }, 
                {
                    "annotator-id": "04_A", 
                    "breakdown": "X", 
                    "comment": "答えていない", 
                    "ungrammatical-sentence": "O"
                }, 
                {
                    "annotator-id": "04_B", 
                    "breakdown": "T", 
                    "comment": "", 
                    "ungrammatical-sentence": "O"
                }, 
                {
                    "annotator-id": "05_A", 
                    "breakdown": "X", 
                    "comment": "", 
                    "ungrammatical-sentence": "O"
                }, 
                {
                    "annotator-id": "05_B", 
                    "breakdown": "X", 
                    "comment": "「山」に話題が変わったことを認識出来ていない", 
                    "ungrammatical-sentence": "O"
                }, 
                {
                    "annotator-id": "06_A", 
                    "breakdown": "O", 
                    "comment": "", 
                    "ungrammatical-sentence": "O"
                }, 
                {
                    "annotator-id": "07_A", 
                    "breakdown": "T", 
                    "comment": "", 
                    "ungrammatical-sentence": "O"
                }, 
                {
                    "annotator-id": "08_A", 
                    "breakdown": "T", 
                    "comment": "", 
                    "ungrammatical-sentence": "O"
                }, 
                {
                    "annotator-id": "08_B", 
                    "breakdown": "T", 
                    "comment": "", 
                    "ungrammatical-sentence": "O"
                }, 
                {
                    "annotator-id": "08_C", 
                    "breakdown": "T", 
                    "comment": "", 
                    "ungrammatical-sentence": "O"
                }, 
                {
                    "annotator-id": "09_A", 
                    "breakdown": "T", 
                    "comment": "質問に答えていない", 
                    "ungrammatical-sentence": "O"
                }, 
                {
                    "annotator-id": "09_B", 
                    "breakdown": "X", 
                    "comment": "相手の質問を無視していておかしい", 
                    "ungrammatical-sentence": "O"
                }, 
                {
                    "annotator-id": "10_A", 
                    "breakdown": "X", 
                    "comment": "", 
                    "ungrammatical-sentence": "O"
                }, 
                {
                    "annotator-id": "10_B", 
                    "breakdown": "T", 
                    "comment": "しうこい・ユーザの質問無視", 
                    "ungrammatical-sentence": "O"
                }, 
                {
                    "annotator-id": "11_A", 
                    "breakdown": "O", 
                    "comment": "", 
                    "ungrammatical-sentence": "O"
                }, 
                {
                    "annotator-id": "12_A", 
                    "breakdown": "O", 
                    "comment": "", 
                    "ungrammatical-sentence": "O"
                }, 
                {
                    "annotator-id": "13_A", 
                    "breakdown": "T", 
                    "comment": "答えてくれない", 
                    "ungrammatical-sentence": "O"
                }, 
                {
                    "annotator-id": "13_B", 
                    "breakdown": "T", 
                    "comment": "すこしずれた回答", 
                    "ungrammatical-sentence": "O"
                }, 
                {
                    "annotator-id": "14_A", 
                    "breakdown": "X", 
                    "comment": "", 
                    "ungrammatical-sentence": "O"
                }, 
                {
                    "annotator-id": "15_A", 
                    "breakdown": "T", 
                    "comment": "質問無視", 
                    "ungrammatical-sentence": "O"
                }
            ], 
            "speaker": "S", 
            "time": "2014-08-11 17:04:59", 
            "turn-index": 18, 
            "utterance": "海は大好きですね"
        }, 
        {
            "annotations": [], 
            "speaker": "U", 
            "time": "2014-08-11 17:05:14", 
            "turn-index": 19, 
            "utterance": "心底海が好きなんですね。"
        }, 
        {
            "annotations": [
                {
                    "annotator-id": "01_A", 
                    "breakdown": "O", 
                    "comment": "", 
                    "ungrammatical-sentence": "O"
                }, 
                {
                    "annotator-id": "01_B", 
                    "breakdown": "O", 
                    "comment": "", 
                    "ungrammatical-sentence": "O"
                }, 
                {
                    "annotator-id": "02_A", 
                    "breakdown": "O", 
                    "comment": "", 
                    "ungrammatical-sentence": "O"
                }, 
                {
                    "annotator-id": "02_B", 
                    "breakdown": "O", 
                    "comment": "", 
                    "ungrammatical-sentence": "O"
                }, 
                {
                    "annotator-id": "03_A", 
                    "breakdown": "O", 
                    "comment": "", 
                    "ungrammatical-sentence": "O"
                }, 
                {
                    "annotator-id": "04_A", 
                    "breakdown": "O", 
                    "comment": "", 
                    "ungrammatical-sentence": "O"
                }, 
                {
                    "annotator-id": "04_B", 
                    "breakdown": "O", 
                    "comment": "", 
                    "ungrammatical-sentence": "O"
                }, 
                {
                    "annotator-id": "05_A", 
                    "breakdown": "O", 
                    "comment": "", 
                    "ungrammatical-sentence": "O"
                }, 
                {
                    "annotator-id": "05_B", 
                    "breakdown": "O", 
                    "comment": "", 
                    "ungrammatical-sentence": "O"
                }, 
                {
                    "annotator-id": "06_A", 
                    "breakdown": "O", 
                    "comment": "", 
                    "ungrammatical-sentence": "O"
                }, 
                {
                    "annotator-id": "07_A", 
                    "breakdown": "O", 
                    "comment": "", 
                    "ungrammatical-sentence": "O"
                }, 
                {
                    "annotator-id": "08_A", 
                    "breakdown": "O", 
                    "comment": "", 
                    "ungrammatical-sentence": "O"
                }, 
                {
                    "annotator-id": "08_B", 
                    "breakdown": "O", 
                    "comment": "", 
                    "ungrammatical-sentence": "O"
                }, 
                {
                    "annotator-id": "08_C", 
                    "breakdown": "O", 
                    "comment": "", 
                    "ungrammatical-sentence": "O"
                }, 
                {
                    "annotator-id": "09_A", 
                    "breakdown": "O", 
                    "comment": "", 
                    "ungrammatical-sentence": "O"
                }, 
                {
                    "annotator-id": "09_B", 
                    "breakdown": "O", 
                    "comment": "", 
                    "ungrammatical-sentence": "O"
                }, 
                {
                    "annotator-id": "10_A", 
                    "breakdown": "O", 
                    "comment": "", 
                    "ungrammatical-sentence": "O"
                }, 
                {
                    "annotator-id": "10_B", 
                    "breakdown": "O", 
                    "comment": "", 
                    "ungrammatical-sentence": "O"
                }, 
                {
                    "annotator-id": "11_A", 
                    "breakdown": "O", 
                    "comment": "", 
                    "ungrammatical-sentence": "O"
                }, 
                {
                    "annotator-id": "12_A", 
                    "breakdown": "O", 
                    "comment": "", 
                    "ungrammatical-sentence": "O"
                }, 
                {
                    "annotator-id": "13_A", 
                    "breakdown": "O", 
                    "comment": "", 
                    "ungrammatical-sentence": "O"
                }, 
                {
                    "annotator-id": "13_B", 
                    "breakdown": "O", 
                    "comment": "", 
                    "ungrammatical-sentence": "O"
                }, 
                {
                    "annotator-id": "14_A", 
                    "breakdown": "O", 
                    "comment": "", 
                    "ungrammatical-sentence": "O"
                }, 
                {
                    "annotator-id": "15_A", 
                    "breakdown": "O", 
                    "comment": "", 
                    "ungrammatical-sentence": "O"
                }
            ], 
            "speaker": "S", 
            "time": "2014-08-11 17:05:14", 
            "turn-index": 20, 
            "utterance": "海は素晴らしいですね"
        }
    ]
}