{
    "dialogue-id": "1408360157", 
    "group-id": "init100", 
    "speaker-id": "14_01", 
    "turns": [
        {
            "annotations": [
                {
                    "annotator-id": "01_A", 
                    "breakdown": "O", 
                    "comment": "", 
                    "ungrammatical-sentence": "O"
                }, 
                {
                    "annotator-id": "01_B", 
                    "breakdown": "O", 
                    "comment": "", 
                    "ungrammatical-sentence": "O"
                }, 
                {
                    "annotator-id": "02_A", 
                    "breakdown": "O", 
                    "comment": "", 
                    "ungrammatical-sentence": "O"
                }, 
                {
                    "annotator-id": "02_B", 
                    "breakdown": "O", 
                    "comment": "", 
                    "ungrammatical-sentence": "O"
                }, 
                {
                    "annotator-id": "03_A", 
                    "breakdown": "O", 
                    "comment": "", 
                    "ungrammatical-sentence": "O"
                }, 
                {
                    "annotator-id": "04_A", 
                    "breakdown": "O", 
                    "comment": "", 
                    "ungrammatical-sentence": "O"
                }, 
                {
                    "annotator-id": "04_B", 
                    "breakdown": "O", 
                    "comment": "", 
                    "ungrammatical-sentence": "O"
                }, 
                {
                    "annotator-id": "05_A", 
                    "breakdown": "O", 
                    "comment": "", 
                    "ungrammatical-sentence": "O"
                }, 
                {
                    "annotator-id": "05_B", 
                    "breakdown": "O", 
                    "comment": "", 
                    "ungrammatical-sentence": "O"
                }, 
                {
                    "annotator-id": "06_A", 
                    "breakdown": "O", 
                    "comment": "", 
                    "ungrammatical-sentence": "O"
                }, 
                {
                    "annotator-id": "07_A", 
                    "breakdown": "O", 
                    "comment": "", 
                    "ungrammatical-sentence": "O"
                }, 
                {
                    "annotator-id": "08_A", 
                    "breakdown": "O", 
                    "comment": "", 
                    "ungrammatical-sentence": "O"
                }, 
                {
                    "annotator-id": "08_B", 
                    "breakdown": "O", 
                    "comment": "", 
                    "ungrammatical-sentence": "O"
                }, 
                {
                    "annotator-id": "08_C", 
                    "breakdown": "O", 
                    "comment": "", 
                    "ungrammatical-sentence": "O"
                }, 
                {
                    "annotator-id": "09_A", 
                    "breakdown": "O", 
                    "comment": "", 
                    "ungrammatical-sentence": "O"
                }, 
                {
                    "annotator-id": "09_B", 
                    "breakdown": "O", 
                    "comment": "", 
                    "ungrammatical-sentence": "O"
                }, 
                {
                    "annotator-id": "10_A", 
                    "breakdown": "O", 
                    "comment": "", 
                    "ungrammatical-sentence": "O"
                }, 
                {
                    "annotator-id": "10_B", 
                    "breakdown": "O", 
                    "comment": "", 
                    "ungrammatical-sentence": "O"
                }, 
                {
                    "annotator-id": "11_A", 
                    "breakdown": "O", 
                    "comment": "", 
                    "ungrammatical-sentence": "O"
                }, 
                {
                    "annotator-id": "12_A", 
                    "breakdown": "O", 
                    "comment": "", 
                    "ungrammatical-sentence": "O"
                }, 
                {
                    "annotator-id": "13_A", 
                    "breakdown": "O", 
                    "comment": "", 
                    "ungrammatical-sentence": "O"
                }, 
                {
                    "annotator-id": "13_B", 
                    "breakdown": "O", 
                    "comment": "", 
                    "ungrammatical-sentence": "O"
                }, 
                {
                    "annotator-id": "14_A", 
                    "breakdown": "O", 
                    "comment": "", 
                    "ungrammatical-sentence": "O"
                }, 
                {
                    "annotator-id": "15_A", 
                    "breakdown": "O", 
                    "comment": "", 
                    "ungrammatical-sentence": "O"
                }
            ], 
            "speaker": "S", 
            "time": "2014-08-18 20:04:27", 
            "turn-index": 0, 
            "utterance": "こんばんはー。熱中症に気をつけて。"
        }, 
        {
            "annotations": [], 
            "speaker": "U", 
            "time": "2014-08-18 20:04:43", 
            "turn-index": 1, 
            "utterance": "ありがとう！　気をつけます"
        }, 
        {
            "annotations": [
                {
                    "annotator-id": "01_A", 
                    "breakdown": "O", 
                    "comment": "", 
                    "ungrammatical-sentence": "O"
                }, 
                {
                    "annotator-id": "01_B", 
                    "breakdown": "O", 
                    "comment": "", 
                    "ungrammatical-sentence": "O"
                }, 
                {
                    "annotator-id": "02_A", 
                    "breakdown": "O", 
                    "comment": "", 
                    "ungrammatical-sentence": "O"
                }, 
                {
                    "annotator-id": "02_B", 
                    "breakdown": "T", 
                    "comment": "", 
                    "ungrammatical-sentence": "O"
                }, 
                {
                    "annotator-id": "03_A", 
                    "breakdown": "X", 
                    "comment": "", 
                    "ungrammatical-sentence": "O"
                }, 
                {
                    "annotator-id": "04_A", 
                    "breakdown": "X", 
                    "comment": "", 
                    "ungrammatical-sentence": "O"
                }, 
                {
                    "annotator-id": "04_B", 
                    "breakdown": "T", 
                    "comment": "", 
                    "ungrammatical-sentence": "O"
                }, 
                {
                    "annotator-id": "05_A", 
                    "breakdown": "X", 
                    "comment": "", 
                    "ungrammatical-sentence": "O"
                }, 
                {
                    "annotator-id": "05_B", 
                    "breakdown": "X", 
                    "comment": "前の対話を無視している", 
                    "ungrammatical-sentence": "O"
                }, 
                {
                    "annotator-id": "06_A", 
                    "breakdown": "O", 
                    "comment": "", 
                    "ungrammatical-sentence": "O"
                }, 
                {
                    "annotator-id": "07_A", 
                    "breakdown": "T", 
                    "comment": "", 
                    "ungrammatical-sentence": "O"
                }, 
                {
                    "annotator-id": "08_A", 
                    "breakdown": "X", 
                    "comment": "", 
                    "ungrammatical-sentence": "O"
                }, 
                {
                    "annotator-id": "08_B", 
                    "breakdown": "O", 
                    "comment": "", 
                    "ungrammatical-sentence": "O"
                }, 
                {
                    "annotator-id": "08_C", 
                    "breakdown": "O", 
                    "comment": "", 
                    "ungrammatical-sentence": "O"
                }, 
                {
                    "annotator-id": "09_A", 
                    "breakdown": "X", 
                    "comment": "気を付けるって言っている", 
                    "ungrammatical-sentence": "O"
                }, 
                {
                    "annotator-id": "09_B", 
                    "breakdown": "T", 
                    "comment": "相手は気をつけますと言っているのにこの質問はおかしい", 
                    "ungrammatical-sentence": "O"
                }, 
                {
                    "annotator-id": "10_A", 
                    "breakdown": "X", 
                    "comment": "", 
                    "ungrammatical-sentence": "O"
                }, 
                {
                    "annotator-id": "10_B", 
                    "breakdown": "T", 
                    "comment": "", 
                    "ungrammatical-sentence": "O"
                }, 
                {
                    "annotator-id": "11_A", 
                    "breakdown": "T", 
                    "comment": "", 
                    "ungrammatical-sentence": "O"
                }, 
                {
                    "annotator-id": "12_A", 
                    "breakdown": "T", 
                    "comment": "", 
                    "ungrammatical-sentence": "O"
                }, 
                {
                    "annotator-id": "13_A", 
                    "breakdown": "O", 
                    "comment": "", 
                    "ungrammatical-sentence": "O"
                }, 
                {
                    "annotator-id": "13_B", 
                    "breakdown": "T", 
                    "comment": "ユーザの意図無視", 
                    "ungrammatical-sentence": "O"
                }, 
                {
                    "annotator-id": "14_A", 
                    "breakdown": "T", 
                    "comment": "", 
                    "ungrammatical-sentence": "O"
                }, 
                {
                    "annotator-id": "15_A", 
                    "breakdown": "T", 
                    "comment": "気をつけると言った", 
                    "ungrammatical-sentence": "O"
                }
            ], 
            "speaker": "S", 
            "time": "2014-08-18 20:04:43", 
            "turn-index": 2, 
            "utterance": "熱中症に気をつけないんですか？"
        }, 
        {
            "annotations": [], 
            "speaker": "U", 
            "time": "2014-08-18 20:04:50", 
            "turn-index": 3, 
            "utterance": "気をつけますよ"
        }, 
        {
            "annotations": [
                {
                    "annotator-id": "01_A", 
                    "breakdown": "O", 
                    "comment": "", 
                    "ungrammatical-sentence": "O"
                }, 
                {
                    "annotator-id": "01_B", 
                    "breakdown": "O", 
                    "comment": "", 
                    "ungrammatical-sentence": "O"
                }, 
                {
                    "annotator-id": "02_A", 
                    "breakdown": "X", 
                    "comment": "", 
                    "ungrammatical-sentence": "O"
                }, 
                {
                    "annotator-id": "02_B", 
                    "breakdown": "O", 
                    "comment": "", 
                    "ungrammatical-sentence": "O"
                }, 
                {
                    "annotator-id": "03_A", 
                    "breakdown": "O", 
                    "comment": "", 
                    "ungrammatical-sentence": "O"
                }, 
                {
                    "annotator-id": "04_A", 
                    "breakdown": "X", 
                    "comment": "", 
                    "ungrammatical-sentence": "O"
                }, 
                {
                    "annotator-id": "04_B", 
                    "breakdown": "X", 
                    "comment": "", 
                    "ungrammatical-sentence": "O"
                }, 
                {
                    "annotator-id": "05_A", 
                    "breakdown": "O", 
                    "comment": "", 
                    "ungrammatical-sentence": "O"
                }, 
                {
                    "annotator-id": "05_B", 
                    "breakdown": "O", 
                    "comment": "", 
                    "ungrammatical-sentence": "O"
                }, 
                {
                    "annotator-id": "06_A", 
                    "breakdown": "O", 
                    "comment": "", 
                    "ungrammatical-sentence": "O"
                }, 
                {
                    "annotator-id": "07_A", 
                    "breakdown": "T", 
                    "comment": "", 
                    "ungrammatical-sentence": "O"
                }, 
                {
                    "annotator-id": "08_A", 
                    "breakdown": "T", 
                    "comment": "", 
                    "ungrammatical-sentence": "O"
                }, 
                {
                    "annotator-id": "08_B", 
                    "breakdown": "O", 
                    "comment": "", 
                    "ungrammatical-sentence": "O"
                }, 
                {
                    "annotator-id": "08_C", 
                    "breakdown": "O", 
                    "comment": "", 
                    "ungrammatical-sentence": "O"
                }, 
                {
                    "annotator-id": "09_A", 
                    "breakdown": "X", 
                    "comment": "Uがすることを言っているのにありがとうはおかしい", 
                    "ungrammatical-sentence": "O"
                }, 
                {
                    "annotator-id": "09_B", 
                    "breakdown": "O", 
                    "comment": "", 
                    "ungrammatical-sentence": "O"
                }, 
                {
                    "annotator-id": "10_A", 
                    "breakdown": "X", 
                    "comment": "", 
                    "ungrammatical-sentence": "O"
                }, 
                {
                    "annotator-id": "10_B", 
                    "breakdown": "O", 
                    "comment": "", 
                    "ungrammatical-sentence": "O"
                }, 
                {
                    "annotator-id": "11_A", 
                    "breakdown": "O", 
                    "comment": "", 
                    "ungrammatical-sentence": "O"
                }, 
                {
                    "annotator-id": "12_A", 
                    "breakdown": "O", 
                    "comment": "", 
                    "ungrammatical-sentence": "O"
                }, 
                {
                    "annotator-id": "13_A", 
                    "breakdown": "O", 
                    "comment": "", 
                    "ungrammatical-sentence": "O"
                }, 
                {
                    "annotator-id": "13_B", 
                    "breakdown": "T", 
                    "comment": "不明な返答", 
                    "ungrammatical-sentence": "O"
                }, 
                {
                    "annotator-id": "14_A", 
                    "breakdown": "T", 
                    "comment": "", 
                    "ungrammatical-sentence": "O"
                }, 
                {
                    "annotator-id": "15_A", 
                    "breakdown": "O", 
                    "comment": "", 
                    "ungrammatical-sentence": "O"
                }
            ], 
            "speaker": "S", 
            "time": "2014-08-18 20:04:50", 
            "turn-index": 4, 
            "utterance": "ありがとー"
        }, 
        {
            "annotations": [], 
            "speaker": "U", 
            "time": "2014-08-18 20:05:06", 
            "turn-index": 5, 
            "utterance": "今日の夜はずいぶん涼しくなりそうだよね"
        }, 
        {
            "annotations": [
                {
                    "annotator-id": "01_A", 
                    "breakdown": "O", 
                    "comment": "", 
                    "ungrammatical-sentence": "O"
                }, 
                {
                    "annotator-id": "01_B", 
                    "breakdown": "O", 
                    "comment": "", 
                    "ungrammatical-sentence": "O"
                }, 
                {
                    "annotator-id": "02_A", 
                    "breakdown": "X", 
                    "comment": "", 
                    "ungrammatical-sentence": "O"
                }, 
                {
                    "annotator-id": "02_B", 
                    "breakdown": "X", 
                    "comment": "", 
                    "ungrammatical-sentence": "O"
                }, 
                {
                    "annotator-id": "03_A", 
                    "breakdown": "O", 
                    "comment": "", 
                    "ungrammatical-sentence": "O"
                }, 
                {
                    "annotator-id": "04_A", 
                    "breakdown": "T", 
                    "comment": "", 
                    "ungrammatical-sentence": "O"
                }, 
                {
                    "annotator-id": "04_B", 
                    "breakdown": "X", 
                    "comment": "", 
                    "ungrammatical-sentence": "O"
                }, 
                {
                    "annotator-id": "05_A", 
                    "breakdown": "X", 
                    "comment": "", 
                    "ungrammatical-sentence": "O"
                }, 
                {
                    "annotator-id": "05_B", 
                    "breakdown": "X", 
                    "comment": "「気温」に話が変わったことを認識できていない", 
                    "ungrammatical-sentence": "O"
                }, 
                {
                    "annotator-id": "06_A", 
                    "breakdown": "T", 
                    "comment": "", 
                    "ungrammatical-sentence": "O"
                }, 
                {
                    "annotator-id": "07_A", 
                    "breakdown": "T", 
                    "comment": "", 
                    "ungrammatical-sentence": "O"
                }, 
                {
                    "annotator-id": "08_A", 
                    "breakdown": "X", 
                    "comment": "", 
                    "ungrammatical-sentence": "O"
                }, 
                {
                    "annotator-id": "08_B", 
                    "breakdown": "O", 
                    "comment": "", 
                    "ungrammatical-sentence": "O"
                }, 
                {
                    "annotator-id": "08_C", 
                    "breakdown": "X", 
                    "comment": "", 
                    "ungrammatical-sentence": "O"
                }, 
                {
                    "annotator-id": "09_A", 
                    "breakdown": "X", 
                    "comment": "涼しいと言っている。気を付けると言っている", 
                    "ungrammatical-sentence": "X"
                }, 
                {
                    "annotator-id": "09_B", 
                    "breakdown": "X", 
                    "comment": "最初の質問と内容がまったく同じでしつこい", 
                    "ungrammatical-sentence": "O"
                }, 
                {
                    "annotator-id": "10_A", 
                    "breakdown": "O", 
                    "comment": "", 
                    "ungrammatical-sentence": "O"
                }, 
                {
                    "annotator-id": "10_B", 
                    "breakdown": "T", 
                    "comment": "", 
                    "ungrammatical-sentence": "O"
                }, 
                {
                    "annotator-id": "11_A", 
                    "breakdown": "X", 
                    "comment": "", 
                    "ungrammatical-sentence": "O"
                }, 
                {
                    "annotator-id": "12_A", 
                    "breakdown": "O", 
                    "comment": "", 
                    "ungrammatical-sentence": "O"
                }, 
                {
                    "annotator-id": "13_A", 
                    "breakdown": "O", 
                    "comment": "", 
                    "ungrammatical-sentence": "O"
                }, 
                {
                    "annotator-id": "13_B", 
                    "breakdown": "X", 
                    "comment": "対話できていない", 
                    "ungrammatical-sentence": "O"
                }, 
                {
                    "annotator-id": "14_A", 
                    "breakdown": "X", 
                    "comment": "", 
                    "ungrammatical-sentence": "O"
                }, 
                {
                    "annotator-id": "15_A", 
                    "breakdown": "O", 
                    "comment": "", 
                    "ungrammatical-sentence": "O"
                }
            ], 
            "speaker": "S", 
            "time": "2014-08-18 20:05:06", 
            "turn-index": 6, 
            "utterance": "熱中症に気をつけてたいですか？"
        }, 
        {
            "annotations": [], 
            "speaker": "U", 
            "time": "2014-08-18 20:05:13", 
            "turn-index": 7, 
            "utterance": "気をつけていますよ"
        }, 
        {
            "annotations": [
                {
                    "annotator-id": "01_A", 
                    "breakdown": "X", 
                    "comment": "", 
                    "ungrammatical-sentence": "X"
                }, 
                {
                    "annotator-id": "01_B", 
                    "breakdown": "T", 
                    "comment": "", 
                    "ungrammatical-sentence": "O"
                }, 
                {
                    "annotator-id": "02_A", 
                    "breakdown": "X", 
                    "comment": "", 
                    "ungrammatical-sentence": "X"
                }, 
                {
                    "annotator-id": "02_B", 
                    "breakdown": "X", 
                    "comment": "", 
                    "ungrammatical-sentence": "O"
                }, 
                {
                    "annotator-id": "03_A", 
                    "breakdown": "X", 
                    "comment": "", 
                    "ungrammatical-sentence": "X"
                }, 
                {
                    "annotator-id": "04_A", 
                    "breakdown": "X", 
                    "comment": "", 
                    "ungrammatical-sentence": "X"
                }, 
                {
                    "annotator-id": "04_B", 
                    "breakdown": "X", 
                    "comment": "", 
                    "ungrammatical-sentence": "X"
                }, 
                {
                    "annotator-id": "05_A", 
                    "breakdown": "X", 
                    "comment": "", 
                    "ungrammatical-sentence": "O"
                }, 
                {
                    "annotator-id": "05_B", 
                    "breakdown": "X", 
                    "comment": "「つけか」は適切な表現ではない", 
                    "ungrammatical-sentence": "X"
                }, 
                {
                    "annotator-id": "06_A", 
                    "breakdown": "T", 
                    "comment": "", 
                    "ungrammatical-sentence": "O"
                }, 
                {
                    "annotator-id": "07_A", 
                    "breakdown": "X", 
                    "comment": "", 
                    "ungrammatical-sentence": "O"
                }, 
                {
                    "annotator-id": "08_A", 
                    "breakdown": "X", 
                    "comment": "", 
                    "ungrammatical-sentence": "X"
                }, 
                {
                    "annotator-id": "08_B", 
                    "breakdown": "O", 
                    "comment": "", 
                    "ungrammatical-sentence": "O"
                }, 
                {
                    "annotator-id": "08_C", 
                    "breakdown": "X", 
                    "comment": "", 
                    "ungrammatical-sentence": "O"
                }, 
                {
                    "annotator-id": "09_A", 
                    "breakdown": "X", 
                    "comment": "何を言っているのかわからない", 
                    "ungrammatical-sentence": "X"
                }, 
                {
                    "annotator-id": "09_B", 
                    "breakdown": "X", 
                    "comment": "言っている意味が分からない", 
                    "ungrammatical-sentence": "X"
                }, 
                {
                    "annotator-id": "10_A", 
                    "breakdown": "X", 
                    "comment": "", 
                    "ungrammatical-sentence": "X"
                }, 
                {
                    "annotator-id": "10_B", 
                    "breakdown": "X", 
                    "comment": "", 
                    "ungrammatical-sentence": "O"
                }, 
                {
                    "annotator-id": "11_A", 
                    "breakdown": "X", 
                    "comment": "", 
                    "ungrammatical-sentence": "O"
                }, 
                {
                    "annotator-id": "12_A", 
                    "breakdown": "X", 
                    "comment": "", 
                    "ungrammatical-sentence": "X"
                }, 
                {
                    "annotator-id": "13_A", 
                    "breakdown": "O", 
                    "comment": "", 
                    "ungrammatical-sentence": "X"
                }, 
                {
                    "annotator-id": "13_B", 
                    "breakdown": "X", 
                    "comment": "対話できていない", 
                    "ungrammatical-sentence": "O"
                }, 
                {
                    "annotator-id": "14_A", 
                    "breakdown": "X", 
                    "comment": "", 
                    "ungrammatical-sentence": "O"
                }, 
                {
                    "annotator-id": "15_A", 
                    "breakdown": "T", 
                    "comment": "", 
                    "ungrammatical-sentence": "X"
                }
            ], 
            "speaker": "S", 
            "time": "2014-08-18 20:05:13", 
            "turn-index": 8, 
            "utterance": "熱中症に気をつけか？？"
        }, 
        {
            "annotations": [], 
            "speaker": "U", 
            "time": "2014-08-18 20:05:20", 
            "turn-index": 9, 
            "utterance": "はい"
        }, 
        {
            "annotations": [
                {
                    "annotator-id": "01_A", 
                    "breakdown": "O", 
                    "comment": "", 
                    "ungrammatical-sentence": "O"
                }, 
                {
                    "annotator-id": "01_B", 
                    "breakdown": "O", 
                    "comment": "", 
                    "ungrammatical-sentence": "O"
                }, 
                {
                    "annotator-id": "02_A", 
                    "breakdown": "X", 
                    "comment": "", 
                    "ungrammatical-sentence": "O"
                }, 
                {
                    "annotator-id": "02_B", 
                    "breakdown": "T", 
                    "comment": "", 
                    "ungrammatical-sentence": "O"
                }, 
                {
                    "annotator-id": "03_A", 
                    "breakdown": "T", 
                    "comment": "", 
                    "ungrammatical-sentence": "O"
                }, 
                {
                    "annotator-id": "04_A", 
                    "breakdown": "T", 
                    "comment": "", 
                    "ungrammatical-sentence": "O"
                }, 
                {
                    "annotator-id": "04_B", 
                    "breakdown": "X", 
                    "comment": "", 
                    "ungrammatical-sentence": "O"
                }, 
                {
                    "annotator-id": "05_A", 
                    "breakdown": "O", 
                    "comment": "", 
                    "ungrammatical-sentence": "O"
                }, 
                {
                    "annotator-id": "05_B", 
                    "breakdown": "O", 
                    "comment": "", 
                    "ungrammatical-sentence": "O"
                }, 
                {
                    "annotator-id": "06_A", 
                    "breakdown": "O", 
                    "comment": "", 
                    "ungrammatical-sentence": "O"
                }, 
                {
                    "annotator-id": "07_A", 
                    "breakdown": "O", 
                    "comment": "", 
                    "ungrammatical-sentence": "O"
                }, 
                {
                    "annotator-id": "08_A", 
                    "breakdown": "O", 
                    "comment": "", 
                    "ungrammatical-sentence": "O"
                }, 
                {
                    "annotator-id": "08_B", 
                    "breakdown": "O", 
                    "comment": "", 
                    "ungrammatical-sentence": "O"
                }, 
                {
                    "annotator-id": "08_C", 
                    "breakdown": "O", 
                    "comment": "", 
                    "ungrammatical-sentence": "O"
                }, 
                {
                    "annotator-id": "09_A", 
                    "breakdown": "X", 
                    "comment": "「気をつけか」がわからないのでお疲れ様がつながれない", 
                    "ungrammatical-sentence": "O"
                }, 
                {
                    "annotator-id": "09_B", 
                    "breakdown": "T", 
                    "comment": "何に対してのお疲れ様なのか分からない", 
                    "ungrammatical-sentence": "O"
                }, 
                {
                    "annotator-id": "10_A", 
                    "breakdown": "T", 
                    "comment": "", 
                    "ungrammatical-sentence": "O"
                }, 
                {
                    "annotator-id": "10_B", 
                    "breakdown": "O", 
                    "comment": "", 
                    "ungrammatical-sentence": "O"
                }, 
                {
                    "annotator-id": "11_A", 
                    "breakdown": "T", 
                    "comment": "", 
                    "ungrammatical-sentence": "O"
                }, 
                {
                    "annotator-id": "12_A", 
                    "breakdown": "O", 
                    "comment": "", 
                    "ungrammatical-sentence": "O"
                }, 
                {
                    "annotator-id": "13_A", 
                    "breakdown": "O", 
                    "comment": "", 
                    "ungrammatical-sentence": "O"
                }, 
                {
                    "annotator-id": "13_B", 
                    "breakdown": "O", 
                    "comment": "", 
                    "ungrammatical-sentence": "O"
                }, 
                {
                    "annotator-id": "14_A", 
                    "breakdown": "X", 
                    "comment": "", 
                    "ungrammatical-sentence": "O"
                }, 
                {
                    "annotator-id": "15_A", 
                    "breakdown": "O", 
                    "comment": "", 
                    "ungrammatical-sentence": "O"
                }
            ], 
            "speaker": "S", 
            "time": "2014-08-18 20:05:20", 
            "turn-index": 10, 
            "utterance": "お疲れ様"
        }, 
        {
            "annotations": [], 
            "speaker": "U", 
            "time": "2014-08-18 20:05:27", 
            "turn-index": 11, 
            "utterance": "ありがとうございます"
        }, 
        {
            "annotations": [
                {
                    "annotator-id": "01_A", 
                    "breakdown": "O", 
                    "comment": "", 
                    "ungrammatical-sentence": "O"
                }, 
                {
                    "annotator-id": "01_B", 
                    "breakdown": "O", 
                    "comment": "", 
                    "ungrammatical-sentence": "O"
                }, 
                {
                    "annotator-id": "02_A", 
                    "breakdown": "O", 
                    "comment": "", 
                    "ungrammatical-sentence": "O"
                }, 
                {
                    "annotator-id": "02_B", 
                    "breakdown": "O", 
                    "comment": "", 
                    "ungrammatical-sentence": "O"
                }, 
                {
                    "annotator-id": "03_A", 
                    "breakdown": "O", 
                    "comment": "", 
                    "ungrammatical-sentence": "O"
                }, 
                {
                    "annotator-id": "04_A", 
                    "breakdown": "O", 
                    "comment": "", 
                    "ungrammatical-sentence": "O"
                }, 
                {
                    "annotator-id": "04_B", 
                    "breakdown": "O", 
                    "comment": "", 
                    "ungrammatical-sentence": "O"
                }, 
                {
                    "annotator-id": "05_A", 
                    "breakdown": "O", 
                    "comment": "", 
                    "ungrammatical-sentence": "O"
                }, 
                {
                    "annotator-id": "05_B", 
                    "breakdown": "O", 
                    "comment": "", 
                    "ungrammatical-sentence": "O"
                }, 
                {
                    "annotator-id": "06_A", 
                    "breakdown": "O", 
                    "comment": "", 
                    "ungrammatical-sentence": "O"
                }, 
                {
                    "annotator-id": "07_A", 
                    "breakdown": "O", 
                    "comment": "", 
                    "ungrammatical-sentence": "O"
                }, 
                {
                    "annotator-id": "08_A", 
                    "breakdown": "O", 
                    "comment": "", 
                    "ungrammatical-sentence": "O"
                }, 
                {
                    "annotator-id": "08_B", 
                    "breakdown": "O", 
                    "comment": "", 
                    "ungrammatical-sentence": "O"
                }, 
                {
                    "annotator-id": "08_C", 
                    "breakdown": "O", 
                    "comment": "", 
                    "ungrammatical-sentence": "O"
                }, 
                {
                    "annotator-id": "09_A", 
                    "breakdown": "O", 
                    "comment": "", 
                    "ungrammatical-sentence": "O"
                }, 
                {
                    "annotator-id": "09_B", 
                    "breakdown": "O", 
                    "comment": "", 
                    "ungrammatical-sentence": "O"
                }, 
                {
                    "annotator-id": "10_A", 
                    "breakdown": "X", 
                    "comment": "", 
                    "ungrammatical-sentence": "O"
                }, 
                {
                    "annotator-id": "10_B", 
                    "breakdown": "O", 
                    "comment": "", 
                    "ungrammatical-sentence": "O"
                }, 
                {
                    "annotator-id": "11_A", 
                    "breakdown": "O", 
                    "comment": "", 
                    "ungrammatical-sentence": "O"
                }, 
                {
                    "annotator-id": "12_A", 
                    "breakdown": "O", 
                    "comment": "", 
                    "ungrammatical-sentence": "O"
                }, 
                {
                    "annotator-id": "13_A", 
                    "breakdown": "O", 
                    "comment": "", 
                    "ungrammatical-sentence": "O"
                }, 
                {
                    "annotator-id": "13_B", 
                    "breakdown": "O", 
                    "comment": "", 
                    "ungrammatical-sentence": "O"
                }, 
                {
                    "annotator-id": "14_A", 
                    "breakdown": "O", 
                    "comment": "", 
                    "ungrammatical-sentence": "O"
                }, 
                {
                    "annotator-id": "15_A", 
                    "breakdown": "O", 
                    "comment": "", 
                    "ungrammatical-sentence": "O"
                }
            ], 
            "speaker": "S", 
            "time": "2014-08-18 20:05:27", 
            "turn-index": 12, 
            "utterance": "いえいえー"
        }, 
        {
            "annotations": [], 
            "speaker": "U", 
            "time": "2014-08-18 20:06:03", 
            "turn-index": 13, 
            "utterance": "もうそろそろ仕事おわり"
        }, 
        {
            "annotations": [
                {
                    "annotator-id": "01_A", 
                    "breakdown": "O", 
                    "comment": "", 
                    "ungrammatical-sentence": "O"
                }, 
                {
                    "annotator-id": "01_B", 
                    "breakdown": "T", 
                    "comment": "", 
                    "ungrammatical-sentence": "O"
                }, 
                {
                    "annotator-id": "02_A", 
                    "breakdown": "X", 
                    "comment": "", 
                    "ungrammatical-sentence": "O"
                }, 
                {
                    "annotator-id": "02_B", 
                    "breakdown": "X", 
                    "comment": "", 
                    "ungrammatical-sentence": "O"
                }, 
                {
                    "annotator-id": "03_A", 
                    "breakdown": "T", 
                    "comment": "", 
                    "ungrammatical-sentence": "O"
                }, 
                {
                    "annotator-id": "04_A", 
                    "breakdown": "T", 
                    "comment": "", 
                    "ungrammatical-sentence": "O"
                }, 
                {
                    "annotator-id": "04_B", 
                    "breakdown": "T", 
                    "comment": "", 
                    "ungrammatical-sentence": "O"
                }, 
                {
                    "annotator-id": "05_A", 
                    "breakdown": "X", 
                    "comment": "", 
                    "ungrammatical-sentence": "O"
                }, 
                {
                    "annotator-id": "05_B", 
                    "breakdown": "X", 
                    "comment": "「熱中症」についての話題をひきづっている", 
                    "ungrammatical-sentence": "O"
                }, 
                {
                    "annotator-id": "06_A", 
                    "breakdown": "T", 
                    "comment": "", 
                    "ungrammatical-sentence": "O"
                }, 
                {
                    "annotator-id": "07_A", 
                    "breakdown": "T", 
                    "comment": "", 
                    "ungrammatical-sentence": "O"
                }, 
                {
                    "annotator-id": "08_A", 
                    "breakdown": "X", 
                    "comment": "", 
                    "ungrammatical-sentence": "O"
                }, 
                {
                    "annotator-id": "08_B", 
                    "breakdown": "O", 
                    "comment": "", 
                    "ungrammatical-sentence": "O"
                }, 
                {
                    "annotator-id": "08_C", 
                    "breakdown": "X", 
                    "comment": "", 
                    "ungrammatical-sentence": "O"
                }, 
                {
                    "annotator-id": "09_A", 
                    "breakdown": "T", 
                    "comment": "前の話とは違うが、熱中症の話に戻ったので△", 
                    "ungrammatical-sentence": "O"
                }, 
                {
                    "annotator-id": "09_B", 
                    "breakdown": "O", 
                    "comment": "", 
                    "ungrammatical-sentence": "O"
                }, 
                {
                    "annotator-id": "10_A", 
                    "breakdown": "T", 
                    "comment": "", 
                    "ungrammatical-sentence": "O"
                }, 
                {
                    "annotator-id": "10_B", 
                    "breakdown": "T", 
                    "comment": "", 
                    "ungrammatical-sentence": "O"
                }, 
                {
                    "annotator-id": "11_A", 
                    "breakdown": "O", 
                    "comment": "", 
                    "ungrammatical-sentence": "O"
                }, 
                {
                    "annotator-id": "12_A", 
                    "breakdown": "O", 
                    "comment": "", 
                    "ungrammatical-sentence": "O"
                }, 
                {
                    "annotator-id": "13_A", 
                    "breakdown": "O", 
                    "comment": "", 
                    "ungrammatical-sentence": "O"
                }, 
                {
                    "annotator-id": "13_B", 
                    "breakdown": "X", 
                    "comment": "対話できていない", 
                    "ungrammatical-sentence": "O"
                }, 
                {
                    "annotator-id": "14_A", 
                    "breakdown": "X", 
                    "comment": "", 
                    "ungrammatical-sentence": "O"
                }, 
                {
                    "annotator-id": "15_A", 
                    "breakdown": "T", 
                    "comment": "話題転換を無視", 
                    "ungrammatical-sentence": "O"
                }
            ], 
            "speaker": "S", 
            "time": "2014-08-18 20:06:03", 
            "turn-index": 14, 
            "utterance": "熱中症は危険か"
        }, 
        {
            "annotations": [], 
            "speaker": "U", 
            "time": "2014-08-18 20:06:15", 
            "turn-index": 15, 
            "utterance": "危険ですよ。でもこの時間なら大丈夫"
        }, 
        {
            "annotations": [
                {
                    "annotator-id": "01_A", 
                    "breakdown": "O", 
                    "comment": "", 
                    "ungrammatical-sentence": "O"
                }, 
                {
                    "annotator-id": "01_B", 
                    "breakdown": "O", 
                    "comment": "", 
                    "ungrammatical-sentence": "O"
                }, 
                {
                    "annotator-id": "02_A", 
                    "breakdown": "X", 
                    "comment": "", 
                    "ungrammatical-sentence": "O"
                }, 
                {
                    "annotator-id": "02_B", 
                    "breakdown": "X", 
                    "comment": "", 
                    "ungrammatical-sentence": "O"
                }, 
                {
                    "annotator-id": "03_A", 
                    "breakdown": "O", 
                    "comment": "", 
                    "ungrammatical-sentence": "O"
                }, 
                {
                    "annotator-id": "04_A", 
                    "breakdown": "T", 
                    "comment": "", 
                    "ungrammatical-sentence": "O"
                }, 
                {
                    "annotator-id": "04_B", 
                    "breakdown": "X", 
                    "comment": "", 
                    "ungrammatical-sentence": "O"
                }, 
                {
                    "annotator-id": "05_A", 
                    "breakdown": "X", 
                    "comment": "", 
                    "ungrammatical-sentence": "O"
                }, 
                {
                    "annotator-id": "05_B", 
                    "breakdown": "T", 
                    "comment": "以前の対話を考慮できていないため、繰り返しになっている", 
                    "ungrammatical-sentence": "O"
                }, 
                {
                    "annotator-id": "06_A", 
                    "breakdown": "T", 
                    "comment": "", 
                    "ungrammatical-sentence": "O"
                }, 
                {
                    "annotator-id": "07_A", 
                    "breakdown": "T", 
                    "comment": "", 
                    "ungrammatical-sentence": "O"
                }, 
                {
                    "annotator-id": "08_A", 
                    "breakdown": "X", 
                    "comment": "", 
                    "ungrammatical-sentence": "O"
                }, 
                {
                    "annotator-id": "08_B", 
                    "breakdown": "O", 
                    "comment": "", 
                    "ungrammatical-sentence": "O"
                }, 
                {
                    "annotator-id": "08_C", 
                    "breakdown": "O", 
                    "comment": "", 
                    "ungrammatical-sentence": "O"
                }, 
                {
                    "annotator-id": "09_A", 
                    "breakdown": "O", 
                    "comment": "", 
                    "ungrammatical-sentence": "O"
                }, 
                {
                    "annotator-id": "09_B", 
                    "breakdown": "T", 
                    "comment": "相手は「この時間なら大丈夫」と言っているのにこの質問はおかしい", 
                    "ungrammatical-sentence": "O"
                }, 
                {
                    "annotator-id": "10_A", 
                    "breakdown": "X", 
                    "comment": "", 
                    "ungrammatical-sentence": "O"
                }, 
                {
                    "annotator-id": "10_B", 
                    "breakdown": "T", 
                    "comment": "", 
                    "ungrammatical-sentence": "O"
                }, 
                {
                    "annotator-id": "11_A", 
                    "breakdown": "O", 
                    "comment": "", 
                    "ungrammatical-sentence": "O"
                }, 
                {
                    "annotator-id": "12_A", 
                    "breakdown": "T", 
                    "comment": "", 
                    "ungrammatical-sentence": "O"
                }, 
                {
                    "annotator-id": "13_A", 
                    "breakdown": "O", 
                    "comment": "", 
                    "ungrammatical-sentence": "O"
                }, 
                {
                    "annotator-id": "13_B", 
                    "breakdown": "O", 
                    "comment": "", 
                    "ungrammatical-sentence": "O"
                }, 
                {
                    "annotator-id": "14_A", 
                    "breakdown": "X", 
                    "comment": "", 
                    "ungrammatical-sentence": "O"
                }, 
                {
                    "annotator-id": "15_A", 
                    "breakdown": "O", 
                    "comment": "", 
                    "ungrammatical-sentence": "O"
                }
            ], 
            "speaker": "S", 
            "time": "2014-08-18 20:06:15", 
            "turn-index": 16, 
            "utterance": "熱中症に注意するのでしょうか？"
        }, 
        {
            "annotations": [], 
            "speaker": "U", 
            "time": "2014-08-18 20:06:20", 
            "turn-index": 17, 
            "utterance": "してます"
        }, 
        {
            "annotations": [
                {
                    "annotator-id": "01_A", 
                    "breakdown": "O", 
                    "comment": "", 
                    "ungrammatical-sentence": "O"
                }, 
                {
                    "annotator-id": "01_B", 
                    "breakdown": "T", 
                    "comment": "", 
                    "ungrammatical-sentence": "O"
                }, 
                {
                    "annotator-id": "02_A", 
                    "breakdown": "X", 
                    "comment": "", 
                    "ungrammatical-sentence": "O"
                }, 
                {
                    "annotator-id": "02_B", 
                    "breakdown": "T", 
                    "comment": "", 
                    "ungrammatical-sentence": "O"
                }, 
                {
                    "annotator-id": "03_A", 
                    "breakdown": "X", 
                    "comment": "", 
                    "ungrammatical-sentence": "O"
                }, 
                {
                    "annotator-id": "04_A", 
                    "breakdown": "T", 
                    "comment": "", 
                    "ungrammatical-sentence": "O"
                }, 
                {
                    "annotator-id": "04_B", 
                    "breakdown": "X", 
                    "comment": "", 
                    "ungrammatical-sentence": "O"
                }, 
                {
                    "annotator-id": "05_A", 
                    "breakdown": "T", 
                    "comment": "", 
                    "ungrammatical-sentence": "O"
                }, 
                {
                    "annotator-id": "05_B", 
                    "breakdown": "X", 
                    "comment": "話題が急に代わっている", 
                    "ungrammatical-sentence": "O"
                }, 
                {
                    "annotator-id": "06_A", 
                    "breakdown": "O", 
                    "comment": "", 
                    "ungrammatical-sentence": "O"
                }, 
                {
                    "annotator-id": "07_A", 
                    "breakdown": "O", 
                    "comment": "", 
                    "ungrammatical-sentence": "O"
                }, 
                {
                    "annotator-id": "08_A", 
                    "breakdown": "T", 
                    "comment": "", 
                    "ungrammatical-sentence": "O"
                }, 
                {
                    "annotator-id": "08_B", 
                    "breakdown": "T", 
                    "comment": "", 
                    "ungrammatical-sentence": "O"
                }, 
                {
                    "annotator-id": "08_C", 
                    "breakdown": "T", 
                    "comment": "", 
                    "ungrammatical-sentence": "O"
                }, 
                {
                    "annotator-id": "09_A", 
                    "breakdown": "T", 
                    "comment": "前の話とはつながっていない。一旦その話は終わったとして新しい質問なら△", 
                    "ungrammatical-sentence": "O"
                }, 
                {
                    "annotator-id": "09_B", 
                    "breakdown": "X", 
                    "comment": "意味が分からない", 
                    "ungrammatical-sentence": "O"
                }, 
                {
                    "annotator-id": "10_A", 
                    "breakdown": "X", 
                    "comment": "唐突", 
                    "ungrammatical-sentence": "O"
                }, 
                {
                    "annotator-id": "10_B", 
                    "breakdown": "T", 
                    "comment": "", 
                    "ungrammatical-sentence": "O"
                }, 
                {
                    "annotator-id": "11_A", 
                    "breakdown": "O", 
                    "comment": "", 
                    "ungrammatical-sentence": "O"
                }, 
                {
                    "annotator-id": "12_A", 
                    "breakdown": "X", 
                    "comment": "話題が突然変わる", 
                    "ungrammatical-sentence": "O"
                }, 
                {
                    "annotator-id": "13_A", 
                    "breakdown": "O", 
                    "comment": "", 
                    "ungrammatical-sentence": "O"
                }, 
                {
                    "annotator-id": "13_B", 
                    "breakdown": "X", 
                    "comment": "唐突に話題が変わった", 
                    "ungrammatical-sentence": "O"
                }, 
                {
                    "annotator-id": "14_A", 
                    "breakdown": "X", 
                    "comment": "", 
                    "ungrammatical-sentence": "O"
                }, 
                {
                    "annotator-id": "15_A", 
                    "breakdown": "O", 
                    "comment": "", 
                    "ungrammatical-sentence": "O"
                }
            ], 
            "speaker": "S", 
            "time": "2014-08-18 20:06:20", 
            "turn-index": 18, 
            "utterance": "ID教えてー"
        }, 
        {
            "annotations": [], 
            "speaker": "U", 
            "time": "2014-08-18 20:06:25", 
            "turn-index": 19, 
            "utterance": "いや"
        }, 
        {
            "annotations": [
                {
                    "annotator-id": "01_A", 
                    "breakdown": "O", 
                    "comment": "", 
                    "ungrammatical-sentence": "O"
                }, 
                {
                    "annotator-id": "01_B", 
                    "breakdown": "O", 
                    "comment": "", 
                    "ungrammatical-sentence": "O"
                }, 
                {
                    "annotator-id": "02_A", 
                    "breakdown": "O", 
                    "comment": "", 
                    "ungrammatical-sentence": "O"
                }, 
                {
                    "annotator-id": "02_B", 
                    "breakdown": "O", 
                    "comment": "", 
                    "ungrammatical-sentence": "O"
                }, 
                {
                    "annotator-id": "03_A", 
                    "breakdown": "O", 
                    "comment": "", 
                    "ungrammatical-sentence": "O"
                }, 
                {
                    "annotator-id": "04_A", 
                    "breakdown": "O", 
                    "comment": "", 
                    "ungrammatical-sentence": "O"
                }, 
                {
                    "annotator-id": "04_B", 
                    "breakdown": "O", 
                    "comment": "", 
                    "ungrammatical-sentence": "O"
                }, 
                {
                    "annotator-id": "05_A", 
                    "breakdown": "O", 
                    "comment": "", 
                    "ungrammatical-sentence": "O"
                }, 
                {
                    "annotator-id": "05_B", 
                    "breakdown": "O", 
                    "comment": "", 
                    "ungrammatical-sentence": "O"
                }, 
                {
                    "annotator-id": "06_A", 
                    "breakdown": "O", 
                    "comment": "", 
                    "ungrammatical-sentence": "O"
                }, 
                {
                    "annotator-id": "07_A", 
                    "breakdown": "O", 
                    "comment": "", 
                    "ungrammatical-sentence": "O"
                }, 
                {
                    "annotator-id": "08_A", 
                    "breakdown": "O", 
                    "comment": "", 
                    "ungrammatical-sentence": "O"
                }, 
                {
                    "annotator-id": "08_B", 
                    "breakdown": "O", 
                    "comment": "", 
                    "ungrammatical-sentence": "O"
                }, 
                {
                    "annotator-id": "08_C", 
                    "breakdown": "O", 
                    "comment": "", 
                    "ungrammatical-sentence": "O"
                }, 
                {
                    "annotator-id": "09_A", 
                    "breakdown": "O", 
                    "comment": "", 
                    "ungrammatical-sentence": "O"
                }, 
                {
                    "annotator-id": "09_B", 
                    "breakdown": "O", 
                    "comment": "", 
                    "ungrammatical-sentence": "O"
                }, 
                {
                    "annotator-id": "10_A", 
                    "breakdown": "O", 
                    "comment": "", 
                    "ungrammatical-sentence": "O"
                }, 
                {
                    "annotator-id": "10_B", 
                    "breakdown": "O", 
                    "comment": "", 
                    "ungrammatical-sentence": "O"
                }, 
                {
                    "annotator-id": "11_A", 
                    "breakdown": "O", 
                    "comment": "", 
                    "ungrammatical-sentence": "O"
                }, 
                {
                    "annotator-id": "12_A", 
                    "breakdown": "O", 
                    "comment": "", 
                    "ungrammatical-sentence": "O"
                }, 
                {
                    "annotator-id": "13_A", 
                    "breakdown": "O", 
                    "comment": "", 
                    "ungrammatical-sentence": "O"
                }, 
                {
                    "annotator-id": "13_B", 
                    "breakdown": "O", 
                    "comment": "", 
                    "ungrammatical-sentence": "O"
                }, 
                {
                    "annotator-id": "14_A", 
                    "breakdown": "O", 
                    "comment": "", 
                    "ungrammatical-sentence": "O"
                }, 
                {
                    "annotator-id": "15_A", 
                    "breakdown": "O", 
                    "comment": "", 
                    "ungrammatical-sentence": "O"
                }
            ], 
            "speaker": "S", 
            "time": "2014-08-18 20:06:25", 
            "turn-index": 20, 
            "utterance": "そうか"
        }
    ]
}