{
    "dialogue-id": "1408011866", 
    "group-id": "init100", 
    "speaker-id": "04_06", 
    "turns": [
        {
            "annotations": [
                {
                    "annotator-id": "01_A", 
                    "breakdown": "O", 
                    "comment": "", 
                    "ungrammatical-sentence": "O"
                }, 
                {
                    "annotator-id": "01_B", 
                    "breakdown": "O", 
                    "comment": "", 
                    "ungrammatical-sentence": "O"
                }, 
                {
                    "annotator-id": "02_A", 
                    "breakdown": "O", 
                    "comment": "", 
                    "ungrammatical-sentence": "O"
                }, 
                {
                    "annotator-id": "02_B", 
                    "breakdown": "O", 
                    "comment": "", 
                    "ungrammatical-sentence": "O"
                }, 
                {
                    "annotator-id": "03_A", 
                    "breakdown": "O", 
                    "comment": "", 
                    "ungrammatical-sentence": "O"
                }, 
                {
                    "annotator-id": "04_A", 
                    "breakdown": "O", 
                    "comment": "", 
                    "ungrammatical-sentence": "O"
                }, 
                {
                    "annotator-id": "04_B", 
                    "breakdown": "O", 
                    "comment": "", 
                    "ungrammatical-sentence": "O"
                }, 
                {
                    "annotator-id": "05_A", 
                    "breakdown": "O", 
                    "comment": "", 
                    "ungrammatical-sentence": "O"
                }, 
                {
                    "annotator-id": "05_B", 
                    "breakdown": "O", 
                    "comment": "", 
                    "ungrammatical-sentence": "O"
                }, 
                {
                    "annotator-id": "06_A", 
                    "breakdown": "O", 
                    "comment": "", 
                    "ungrammatical-sentence": "O"
                }, 
                {
                    "annotator-id": "07_A", 
                    "breakdown": "O", 
                    "comment": "", 
                    "ungrammatical-sentence": "O"
                }, 
                {
                    "annotator-id": "08_A", 
                    "breakdown": "O", 
                    "comment": "", 
                    "ungrammatical-sentence": "O"
                }, 
                {
                    "annotator-id": "08_B", 
                    "breakdown": "O", 
                    "comment": "", 
                    "ungrammatical-sentence": "O"
                }, 
                {
                    "annotator-id": "08_C", 
                    "breakdown": "O", 
                    "comment": "", 
                    "ungrammatical-sentence": "O"
                }, 
                {
                    "annotator-id": "09_A", 
                    "breakdown": "O", 
                    "comment": "", 
                    "ungrammatical-sentence": "O"
                }, 
                {
                    "annotator-id": "09_B", 
                    "breakdown": "O", 
                    "comment": "", 
                    "ungrammatical-sentence": "O"
                }, 
                {
                    "annotator-id": "10_A", 
                    "breakdown": "O", 
                    "comment": "", 
                    "ungrammatical-sentence": "O"
                }, 
                {
                    "annotator-id": "10_B", 
                    "breakdown": "O", 
                    "comment": "", 
                    "ungrammatical-sentence": "O"
                }, 
                {
                    "annotator-id": "11_A", 
                    "breakdown": "O", 
                    "comment": "", 
                    "ungrammatical-sentence": "O"
                }, 
                {
                    "annotator-id": "12_A", 
                    "breakdown": "O", 
                    "comment": "", 
                    "ungrammatical-sentence": "O"
                }, 
                {
                    "annotator-id": "13_A", 
                    "breakdown": "O", 
                    "comment": "", 
                    "ungrammatical-sentence": "O"
                }, 
                {
                    "annotator-id": "13_B", 
                    "breakdown": "O", 
                    "comment": "", 
                    "ungrammatical-sentence": "O"
                }, 
                {
                    "annotator-id": "14_A", 
                    "breakdown": "O", 
                    "comment": "", 
                    "ungrammatical-sentence": "O"
                }, 
                {
                    "annotator-id": "15_A", 
                    "breakdown": "O", 
                    "comment": "", 
                    "ungrammatical-sentence": "O"
                }
            ], 
            "speaker": "S", 
            "time": "2014-08-14 19:21:35", 
            "turn-index": 0, 
            "utterance": "こんばんはー。声かけてくれるのを待ってたんだ。"
        }, 
        {
            "annotations": [], 
            "speaker": "U", 
            "time": "2014-08-14 19:21:54", 
            "turn-index": 1, 
            "utterance": "そろそろ帰るところなんだ"
        }, 
        {
            "annotations": [
                {
                    "annotator-id": "01_A", 
                    "breakdown": "O", 
                    "comment": "", 
                    "ungrammatical-sentence": "O"
                }, 
                {
                    "annotator-id": "01_B", 
                    "breakdown": "O", 
                    "comment": "", 
                    "ungrammatical-sentence": "O"
                }, 
                {
                    "annotator-id": "02_A", 
                    "breakdown": "X", 
                    "comment": "", 
                    "ungrammatical-sentence": "O"
                }, 
                {
                    "annotator-id": "02_B", 
                    "breakdown": "T", 
                    "comment": "", 
                    "ungrammatical-sentence": "O"
                }, 
                {
                    "annotator-id": "03_A", 
                    "breakdown": "O", 
                    "comment": "", 
                    "ungrammatical-sentence": "O"
                }, 
                {
                    "annotator-id": "04_A", 
                    "breakdown": "T", 
                    "comment": "唐突すぎる", 
                    "ungrammatical-sentence": "O"
                }, 
                {
                    "annotator-id": "04_B", 
                    "breakdown": "O", 
                    "comment": "些か唐突感はあるが…", 
                    "ungrammatical-sentence": "O"
                }, 
                {
                    "annotator-id": "05_A", 
                    "breakdown": "O", 
                    "comment": "", 
                    "ungrammatical-sentence": "O"
                }, 
                {
                    "annotator-id": "05_B", 
                    "breakdown": "O", 
                    "comment": "", 
                    "ungrammatical-sentence": "O"
                }, 
                {
                    "annotator-id": "06_A", 
                    "breakdown": "O", 
                    "comment": "", 
                    "ungrammatical-sentence": "O"
                }, 
                {
                    "annotator-id": "07_A", 
                    "breakdown": "O", 
                    "comment": "", 
                    "ungrammatical-sentence": "O"
                }, 
                {
                    "annotator-id": "08_A", 
                    "breakdown": "T", 
                    "comment": "", 
                    "ungrammatical-sentence": "O"
                }, 
                {
                    "annotator-id": "08_B", 
                    "breakdown": "O", 
                    "comment": "", 
                    "ungrammatical-sentence": "O"
                }, 
                {
                    "annotator-id": "08_C", 
                    "breakdown": "O", 
                    "comment": "", 
                    "ungrammatical-sentence": "O"
                }, 
                {
                    "annotator-id": "09_A", 
                    "breakdown": "O", 
                    "comment": "", 
                    "ungrammatical-sentence": "O"
                }, 
                {
                    "annotator-id": "09_B", 
                    "breakdown": "O", 
                    "comment": "", 
                    "ungrammatical-sentence": "O"
                }, 
                {
                    "annotator-id": "10_A", 
                    "breakdown": "O", 
                    "comment": "", 
                    "ungrammatical-sentence": "O"
                }, 
                {
                    "annotator-id": "10_B", 
                    "breakdown": "O", 
                    "comment": "", 
                    "ungrammatical-sentence": "O"
                }, 
                {
                    "annotator-id": "11_A", 
                    "breakdown": "O", 
                    "comment": "", 
                    "ungrammatical-sentence": "O"
                }, 
                {
                    "annotator-id": "12_A", 
                    "breakdown": "O", 
                    "comment": "", 
                    "ungrammatical-sentence": "O"
                }, 
                {
                    "annotator-id": "13_A", 
                    "breakdown": "T", 
                    "comment": "話がつながらない", 
                    "ungrammatical-sentence": "O"
                }, 
                {
                    "annotator-id": "13_B", 
                    "breakdown": "T", 
                    "comment": "唐突すぎる気がする", 
                    "ungrammatical-sentence": "O"
                }, 
                {
                    "annotator-id": "14_A", 
                    "breakdown": "O", 
                    "comment": "", 
                    "ungrammatical-sentence": "O"
                }, 
                {
                    "annotator-id": "15_A", 
                    "breakdown": "O", 
                    "comment": "", 
                    "ungrammatical-sentence": "O"
                }
            ], 
            "speaker": "S", 
            "time": "2014-08-14 19:21:54", 
            "turn-index": 2, 
            "utterance": "ところで、ユニバーサル・スタジオ・ジャパンが、昨年の夏に好評だったカプコンの人気ゲームソフトの世界を再現した「バイオハザード・サ・リアル２」を１１月９日まで復活させるそうです。"
        }, 
        {
            "annotations": [], 
            "speaker": "U", 
            "time": "2014-08-14 19:22:14", 
            "turn-index": 3, 
            "utterance": "そうなのですか"
        }, 
        {
            "annotations": [
                {
                    "annotator-id": "01_A", 
                    "breakdown": "O", 
                    "comment": "", 
                    "ungrammatical-sentence": "O"
                }, 
                {
                    "annotator-id": "01_B", 
                    "breakdown": "O", 
                    "comment": "", 
                    "ungrammatical-sentence": "O"
                }, 
                {
                    "annotator-id": "02_A", 
                    "breakdown": "O", 
                    "comment": "", 
                    "ungrammatical-sentence": "O"
                }, 
                {
                    "annotator-id": "02_B", 
                    "breakdown": "O", 
                    "comment": "", 
                    "ungrammatical-sentence": "O"
                }, 
                {
                    "annotator-id": "03_A", 
                    "breakdown": "O", 
                    "comment": "", 
                    "ungrammatical-sentence": "O"
                }, 
                {
                    "annotator-id": "04_A", 
                    "breakdown": "O", 
                    "comment": "", 
                    "ungrammatical-sentence": "O"
                }, 
                {
                    "annotator-id": "04_B", 
                    "breakdown": "O", 
                    "comment": "", 
                    "ungrammatical-sentence": "O"
                }, 
                {
                    "annotator-id": "05_A", 
                    "breakdown": "O", 
                    "comment": "", 
                    "ungrammatical-sentence": "O"
                }, 
                {
                    "annotator-id": "05_B", 
                    "breakdown": "O", 
                    "comment": "", 
                    "ungrammatical-sentence": "O"
                }, 
                {
                    "annotator-id": "06_A", 
                    "breakdown": "O", 
                    "comment": "", 
                    "ungrammatical-sentence": "O"
                }, 
                {
                    "annotator-id": "07_A", 
                    "breakdown": "O", 
                    "comment": "", 
                    "ungrammatical-sentence": "O"
                }, 
                {
                    "annotator-id": "08_A", 
                    "breakdown": "O", 
                    "comment": "", 
                    "ungrammatical-sentence": "O"
                }, 
                {
                    "annotator-id": "08_B", 
                    "breakdown": "O", 
                    "comment": "", 
                    "ungrammatical-sentence": "O"
                }, 
                {
                    "annotator-id": "08_C", 
                    "breakdown": "O", 
                    "comment": "", 
                    "ungrammatical-sentence": "O"
                }, 
                {
                    "annotator-id": "09_A", 
                    "breakdown": "O", 
                    "comment": "", 
                    "ungrammatical-sentence": "O"
                }, 
                {
                    "annotator-id": "09_B", 
                    "breakdown": "O", 
                    "comment": "", 
                    "ungrammatical-sentence": "O"
                }, 
                {
                    "annotator-id": "10_A", 
                    "breakdown": "O", 
                    "comment": "", 
                    "ungrammatical-sentence": "O"
                }, 
                {
                    "annotator-id": "10_B", 
                    "breakdown": "O", 
                    "comment": "", 
                    "ungrammatical-sentence": "O"
                }, 
                {
                    "annotator-id": "11_A", 
                    "breakdown": "T", 
                    "comment": "", 
                    "ungrammatical-sentence": "O"
                }, 
                {
                    "annotator-id": "12_A", 
                    "breakdown": "O", 
                    "comment": "", 
                    "ungrammatical-sentence": "O"
                }, 
                {
                    "annotator-id": "13_A", 
                    "breakdown": "O", 
                    "comment": "", 
                    "ungrammatical-sentence": "O"
                }, 
                {
                    "annotator-id": "13_B", 
                    "breakdown": "O", 
                    "comment": "", 
                    "ungrammatical-sentence": "O"
                }, 
                {
                    "annotator-id": "14_A", 
                    "breakdown": "O", 
                    "comment": "", 
                    "ungrammatical-sentence": "O"
                }, 
                {
                    "annotator-id": "15_A", 
                    "breakdown": "O", 
                    "comment": "", 
                    "ungrammatical-sentence": "O"
                }
            ], 
            "speaker": "S", 
            "time": "2014-08-14 19:22:14", 
            "turn-index": 4, 
            "utterance": "はい"
        }, 
        {
            "annotations": [], 
            "speaker": "U", 
            "time": "2014-08-14 19:22:26", 
            "turn-index": 5, 
            "utterance": "僕はあまりゲームをしません"
        }, 
        {
            "annotations": [
                {
                    "annotator-id": "01_A", 
                    "breakdown": "O", 
                    "comment": "", 
                    "ungrammatical-sentence": "O"
                }, 
                {
                    "annotator-id": "01_B", 
                    "breakdown": "O", 
                    "comment": "", 
                    "ungrammatical-sentence": "O"
                }, 
                {
                    "annotator-id": "02_A", 
                    "breakdown": "X", 
                    "comment": "", 
                    "ungrammatical-sentence": "O"
                }, 
                {
                    "annotator-id": "02_B", 
                    "breakdown": "X", 
                    "comment": "", 
                    "ungrammatical-sentence": "O"
                }, 
                {
                    "annotator-id": "03_A", 
                    "breakdown": "O", 
                    "comment": "", 
                    "ungrammatical-sentence": "O"
                }, 
                {
                    "annotator-id": "04_A", 
                    "breakdown": "T", 
                    "comment": "唐突すぎる", 
                    "ungrammatical-sentence": "O"
                }, 
                {
                    "annotator-id": "04_B", 
                    "breakdown": "X", 
                    "comment": "Uの発言を全く受けていないのが不自然", 
                    "ungrammatical-sentence": "O"
                }, 
                {
                    "annotator-id": "05_A", 
                    "breakdown": "O", 
                    "comment": "", 
                    "ungrammatical-sentence": "O"
                }, 
                {
                    "annotator-id": "05_B", 
                    "breakdown": "T", 
                    "comment": "内容としては、適切では無い", 
                    "ungrammatical-sentence": "O"
                }, 
                {
                    "annotator-id": "06_A", 
                    "breakdown": "O", 
                    "comment": "", 
                    "ungrammatical-sentence": "O"
                }, 
                {
                    "annotator-id": "07_A", 
                    "breakdown": "O", 
                    "comment": "", 
                    "ungrammatical-sentence": "O"
                }, 
                {
                    "annotator-id": "08_A", 
                    "breakdown": "T", 
                    "comment": "", 
                    "ungrammatical-sentence": "O"
                }, 
                {
                    "annotator-id": "08_B", 
                    "breakdown": "O", 
                    "comment": "", 
                    "ungrammatical-sentence": "O"
                }, 
                {
                    "annotator-id": "08_C", 
                    "breakdown": "O", 
                    "comment": "", 
                    "ungrammatical-sentence": "O"
                }, 
                {
                    "annotator-id": "09_A", 
                    "breakdown": "O", 
                    "comment": "", 
                    "ungrammatical-sentence": "O"
                }, 
                {
                    "annotator-id": "09_B", 
                    "breakdown": "O", 
                    "comment": "", 
                    "ungrammatical-sentence": "O"
                }, 
                {
                    "annotator-id": "10_A", 
                    "breakdown": "O", 
                    "comment": "", 
                    "ungrammatical-sentence": "O"
                }, 
                {
                    "annotator-id": "10_B", 
                    "breakdown": "O", 
                    "comment": "", 
                    "ungrammatical-sentence": "O"
                }, 
                {
                    "annotator-id": "11_A", 
                    "breakdown": "T", 
                    "comment": "", 
                    "ungrammatical-sentence": "O"
                }, 
                {
                    "annotator-id": "12_A", 
                    "breakdown": "O", 
                    "comment": "", 
                    "ungrammatical-sentence": "O"
                }, 
                {
                    "annotator-id": "13_A", 
                    "breakdown": "T", 
                    "comment": "話がつながらない", 
                    "ungrammatical-sentence": "O"
                }, 
                {
                    "annotator-id": "13_B", 
                    "breakdown": "T", 
                    "comment": "話題の遷移が急すぎる", 
                    "ungrammatical-sentence": "O"
                }, 
                {
                    "annotator-id": "14_A", 
                    "breakdown": "T", 
                    "comment": "", 
                    "ungrammatical-sentence": "O"
                }, 
                {
                    "annotator-id": "15_A", 
                    "breakdown": "T", 
                    "comment": "話題の転換が早い", 
                    "ungrammatical-sentence": "O"
                }
            ], 
            "speaker": "S", 
            "time": "2014-08-14 19:22:26", 
            "turn-index": 6, 
            "utterance": "ところで、１１日、第９６回全国高校野球選手権大会が台風１１号の影響で二日遅れて甲子園球場で開幕し、決勝は２５日の予定だそうです。"
        }, 
        {
            "annotations": [], 
            "speaker": "U", 
            "time": "2014-08-14 19:22:46", 
            "turn-index": 7, 
            "utterance": "25日に決勝なのですか？"
        }, 
        {
            "annotations": [
                {
                    "annotator-id": "01_A", 
                    "breakdown": "O", 
                    "comment": "", 
                    "ungrammatical-sentence": "O"
                }, 
                {
                    "annotator-id": "01_B", 
                    "breakdown": "O", 
                    "comment": "", 
                    "ungrammatical-sentence": "O"
                }, 
                {
                    "annotator-id": "02_A", 
                    "breakdown": "O", 
                    "comment": "", 
                    "ungrammatical-sentence": "O"
                }, 
                {
                    "annotator-id": "02_B", 
                    "breakdown": "X", 
                    "comment": "", 
                    "ungrammatical-sentence": "O"
                }, 
                {
                    "annotator-id": "03_A", 
                    "breakdown": "O", 
                    "comment": "", 
                    "ungrammatical-sentence": "O"
                }, 
                {
                    "annotator-id": "04_A", 
                    "breakdown": "X", 
                    "comment": "意味内容が一貫してない", 
                    "ungrammatical-sentence": "O"
                }, 
                {
                    "annotator-id": "04_B", 
                    "breakdown": "X", 
                    "comment": "Uの質問無視／事実に反する", 
                    "ungrammatical-sentence": "O"
                }, 
                {
                    "annotator-id": "05_A", 
                    "breakdown": "O", 
                    "comment": "国立ではないが、話的には成立している？", 
                    "ungrammatical-sentence": "O"
                }, 
                {
                    "annotator-id": "05_B", 
                    "breakdown": "X", 
                    "comment": "スポーツで混ざっている可能性が高い", 
                    "ungrammatical-sentence": "O"
                }, 
                {
                    "annotator-id": "06_A", 
                    "breakdown": "T", 
                    "comment": "", 
                    "ungrammatical-sentence": "O"
                }, 
                {
                    "annotator-id": "07_A", 
                    "breakdown": "X", 
                    "comment": "", 
                    "ungrammatical-sentence": "O"
                }, 
                {
                    "annotator-id": "08_A", 
                    "breakdown": "X", 
                    "comment": "", 
                    "ungrammatical-sentence": "O"
                }, 
                {
                    "annotator-id": "08_B", 
                    "breakdown": "O", 
                    "comment": "", 
                    "ungrammatical-sentence": "O"
                }, 
                {
                    "annotator-id": "08_C", 
                    "breakdown": "O", 
                    "comment": "", 
                    "ungrammatical-sentence": "O"
                }, 
                {
                    "annotator-id": "09_A", 
                    "breakdown": "O", 
                    "comment": "場所に違和感があるがそういうこともあるかもなのでそこは気にしないでつけた", 
                    "ungrammatical-sentence": "O"
                }, 
                {
                    "annotator-id": "09_B", 
                    "breakdown": "X", 
                    "comment": "相手からの質問に答えていないし、ウソを伝えている", 
                    "ungrammatical-sentence": "O"
                }, 
                {
                    "annotator-id": "10_A", 
                    "breakdown": "X", 
                    "comment": "事実と明らかに異なる", 
                    "ungrammatical-sentence": "O"
                }, 
                {
                    "annotator-id": "10_B", 
                    "breakdown": "T", 
                    "comment": "事実と異なる発言", 
                    "ungrammatical-sentence": "O"
                }, 
                {
                    "annotator-id": "11_A", 
                    "breakdown": "X", 
                    "comment": "", 
                    "ungrammatical-sentence": "O"
                }, 
                {
                    "annotator-id": "12_A", 
                    "breakdown": "X", 
                    "comment": "事実と異なる", 
                    "ungrammatical-sentence": "O"
                }, 
                {
                    "annotator-id": "13_A", 
                    "breakdown": "T", 
                    "comment": "答えてくれない", 
                    "ungrammatical-sentence": "O"
                }, 
                {
                    "annotator-id": "13_B", 
                    "breakdown": "T", 
                    "comment": "誤情報", 
                    "ungrammatical-sentence": "O"
                }, 
                {
                    "annotator-id": "14_A", 
                    "breakdown": "O", 
                    "comment": "", 
                    "ungrammatical-sentence": "O"
                }, 
                {
                    "annotator-id": "15_A", 
                    "breakdown": "O", 
                    "comment": "", 
                    "ungrammatical-sentence": "O"
                }
            ], 
            "speaker": "S", 
            "time": "2014-08-14 19:22:46", 
            "turn-index": 8, 
            "utterance": "東京国立競技場で行ってますよ"
        }, 
        {
            "annotations": [], 
            "speaker": "U", 
            "time": "2014-08-14 19:23:00", 
            "turn-index": 9, 
            "utterance": "甲子園球場ではないのですか？"
        }, 
        {
            "annotations": [
                {
                    "annotator-id": "01_A", 
                    "breakdown": "X", 
                    "comment": "", 
                    "ungrammatical-sentence": "X"
                }, 
                {
                    "annotator-id": "01_B", 
                    "breakdown": "X", 
                    "comment": "日本語として不適格", 
                    "ungrammatical-sentence": "X"
                }, 
                {
                    "annotator-id": "02_A", 
                    "breakdown": "X", 
                    "comment": "", 
                    "ungrammatical-sentence": "X"
                }, 
                {
                    "annotator-id": "02_B", 
                    "breakdown": "X", 
                    "comment": "", 
                    "ungrammatical-sentence": "O"
                }, 
                {
                    "annotator-id": "03_A", 
                    "breakdown": "X", 
                    "comment": "", 
                    "ungrammatical-sentence": "X"
                }, 
                {
                    "annotator-id": "04_A", 
                    "breakdown": "X", 
                    "comment": "意味不明", 
                    "ungrammatical-sentence": "X"
                }, 
                {
                    "annotator-id": "04_B", 
                    "breakdown": "X", 
                    "comment": "「沖縄が（～で）行われる」とは言えない", 
                    "ungrammatical-sentence": "X"
                }, 
                {
                    "annotator-id": "05_A", 
                    "breakdown": "X", 
                    "comment": "", 
                    "ungrammatical-sentence": "O"
                }, 
                {
                    "annotator-id": "05_B", 
                    "breakdown": "X", 
                    "comment": "甲子園球場の位置関係がとれていない", 
                    "ungrammatical-sentence": "X"
                }, 
                {
                    "annotator-id": "06_A", 
                    "breakdown": "X", 
                    "comment": "", 
                    "ungrammatical-sentence": "O"
                }, 
                {
                    "annotator-id": "07_A", 
                    "breakdown": "X", 
                    "comment": "", 
                    "ungrammatical-sentence": "O"
                }, 
                {
                    "annotator-id": "08_A", 
                    "breakdown": "X", 
                    "comment": "", 
                    "ungrammatical-sentence": "X"
                }, 
                {
                    "annotator-id": "08_B", 
                    "breakdown": "T", 
                    "comment": "", 
                    "ungrammatical-sentence": "X"
                }, 
                {
                    "annotator-id": "08_C", 
                    "breakdown": "X", 
                    "comment": "", 
                    "ungrammatical-sentence": "O"
                }, 
                {
                    "annotator-id": "09_A", 
                    "breakdown": "X", 
                    "comment": "質問の答えになっていない", 
                    "ungrammatical-sentence": "X"
                }, 
                {
                    "annotator-id": "09_B", 
                    "breakdown": "T", 
                    "comment": "相手からの質問にしっかり答えられていない", 
                    "ungrammatical-sentence": "O"
                }, 
                {
                    "annotator-id": "10_A", 
                    "breakdown": "X", 
                    "comment": "", 
                    "ungrammatical-sentence": "X"
                }, 
                {
                    "annotator-id": "10_B", 
                    "breakdown": "X", 
                    "comment": "意味が通らない発言", 
                    "ungrammatical-sentence": "O"
                }, 
                {
                    "annotator-id": "11_A", 
                    "breakdown": "X", 
                    "comment": "", 
                    "ungrammatical-sentence": "O"
                }, 
                {
                    "annotator-id": "12_A", 
                    "breakdown": "X", 
                    "comment": "文意が不明", 
                    "ungrammatical-sentence": "O"
                }, 
                {
                    "annotator-id": "13_A", 
                    "breakdown": "T", 
                    "comment": "意味がわからない", 
                    "ungrammatical-sentence": "O"
                }, 
                {
                    "annotator-id": "13_B", 
                    "breakdown": "X", 
                    "comment": "意味がくみ取れない", 
                    "ungrammatical-sentence": "O"
                }, 
                {
                    "annotator-id": "14_A", 
                    "breakdown": "X", 
                    "comment": "", 
                    "ungrammatical-sentence": "O"
                }, 
                {
                    "annotator-id": "15_A", 
                    "breakdown": "X", 
                    "comment": "意味が通らない", 
                    "ungrammatical-sentence": "O"
                }
            ], 
            "speaker": "S", 
            "time": "2014-08-14 19:23:00", 
            "turn-index": 10, 
            "utterance": "甲子園球場で沖縄が行われるらしいです"
        }, 
        {
            "annotations": [], 
            "speaker": "U", 
            "time": "2014-08-14 19:23:14", 
            "turn-index": 11, 
            "utterance": "沖縄が行わるというのはどういう意味ですか？"
        }, 
        {
            "annotations": [
                {
                    "annotator-id": "01_A", 
                    "breakdown": "T", 
                    "comment": "", 
                    "ungrammatical-sentence": "O"
                }, 
                {
                    "annotator-id": "01_B", 
                    "breakdown": "T", 
                    "comment": "", 
                    "ungrammatical-sentence": "O"
                }, 
                {
                    "annotator-id": "02_A", 
                    "breakdown": "O", 
                    "comment": "", 
                    "ungrammatical-sentence": "O"
                }, 
                {
                    "annotator-id": "02_B", 
                    "breakdown": "X", 
                    "comment": "", 
                    "ungrammatical-sentence": "O"
                }, 
                {
                    "annotator-id": "03_A", 
                    "breakdown": "X", 
                    "comment": "", 
                    "ungrammatical-sentence": "O"
                }, 
                {
                    "annotator-id": "04_A", 
                    "breakdown": "X", 
                    "comment": "答えてない", 
                    "ungrammatical-sentence": "O"
                }, 
                {
                    "annotator-id": "04_B", 
                    "breakdown": "X", 
                    "comment": "「沖縄で海に行く」も私の語感では非文（「【場所】で【場所】に行く」とは言えない。「【場所】で～をする」は良いが。）", 
                    "ungrammatical-sentence": "X"
                }, 
                {
                    "annotator-id": "05_A", 
                    "breakdown": "X", 
                    "comment": "", 
                    "ungrammatical-sentence": "O"
                }, 
                {
                    "annotator-id": "05_B", 
                    "breakdown": "X", 
                    "comment": "返答としては不適切", 
                    "ungrammatical-sentence": "O"
                }, 
                {
                    "annotator-id": "06_A", 
                    "breakdown": "X", 
                    "comment": "", 
                    "ungrammatical-sentence": "O"
                }, 
                {
                    "annotator-id": "07_A", 
                    "breakdown": "O", 
                    "comment": "", 
                    "ungrammatical-sentence": "O"
                }, 
                {
                    "annotator-id": "08_A", 
                    "breakdown": "X", 
                    "comment": "", 
                    "ungrammatical-sentence": "O"
                }, 
                {
                    "annotator-id": "08_B", 
                    "breakdown": "O", 
                    "comment": "", 
                    "ungrammatical-sentence": "O"
                }, 
                {
                    "annotator-id": "08_C", 
                    "breakdown": "X", 
                    "comment": "", 
                    "ungrammatical-sentence": "O"
                }, 
                {
                    "annotator-id": "09_A", 
                    "breakdown": "T", 
                    "comment": "質問の答えになっていない。沖縄の話は続いているので△", 
                    "ungrammatical-sentence": "O"
                }, 
                {
                    "annotator-id": "09_B", 
                    "breakdown": "X", 
                    "comment": "相手からの質問に答えていないし、話しが変わってしまっている", 
                    "ungrammatical-sentence": "O"
                }, 
                {
                    "annotator-id": "10_A", 
                    "breakdown": "X", 
                    "comment": "", 
                    "ungrammatical-sentence": "O"
                }, 
                {
                    "annotator-id": "10_B", 
                    "breakdown": "T", 
                    "comment": "ユーザの質問無視・誰が？", 
                    "ungrammatical-sentence": "O"
                }, 
                {
                    "annotator-id": "11_A", 
                    "breakdown": "X", 
                    "comment": "", 
                    "ungrammatical-sentence": "O"
                }, 
                {
                    "annotator-id": "12_A", 
                    "breakdown": "X", 
                    "comment": "ユーザの質問を無視", 
                    "ungrammatical-sentence": "O"
                }, 
                {
                    "annotator-id": "13_A", 
                    "breakdown": "O", 
                    "comment": "", 
                    "ungrammatical-sentence": "O"
                }, 
                {
                    "annotator-id": "13_B", 
                    "breakdown": "X", 
                    "comment": "対話ができていない", 
                    "ungrammatical-sentence": "O"
                }, 
                {
                    "annotator-id": "14_A", 
                    "breakdown": "X", 
                    "comment": "", 
                    "ungrammatical-sentence": "O"
                }, 
                {
                    "annotator-id": "15_A", 
                    "breakdown": "T", 
                    "comment": "質問無視", 
                    "ungrammatical-sentence": "O"
                }
            ], 
            "speaker": "S", 
            "time": "2014-08-14 19:23:14", 
            "turn-index": 12, 
            "utterance": "沖縄で海に行くようですよ"
        }, 
        {
            "annotations": [], 
            "speaker": "U", 
            "time": "2014-08-14 19:23:25", 
            "turn-index": 13, 
            "utterance": "海にいきたいですね"
        }, 
        {
            "annotations": [
                {
                    "annotator-id": "01_A", 
                    "breakdown": "O", 
                    "comment": "", 
                    "ungrammatical-sentence": "O"
                }, 
                {
                    "annotator-id": "01_B", 
                    "breakdown": "O", 
                    "comment": "", 
                    "ungrammatical-sentence": "O"
                }, 
                {
                    "annotator-id": "02_A", 
                    "breakdown": "O", 
                    "comment": "", 
                    "ungrammatical-sentence": "O"
                }, 
                {
                    "annotator-id": "02_B", 
                    "breakdown": "O", 
                    "comment": "", 
                    "ungrammatical-sentence": "O"
                }, 
                {
                    "annotator-id": "03_A", 
                    "breakdown": "O", 
                    "comment": "", 
                    "ungrammatical-sentence": "O"
                }, 
                {
                    "annotator-id": "04_A", 
                    "breakdown": "O", 
                    "comment": "", 
                    "ungrammatical-sentence": "O"
                }, 
                {
                    "annotator-id": "04_B", 
                    "breakdown": "O", 
                    "comment": "", 
                    "ungrammatical-sentence": "O"
                }, 
                {
                    "annotator-id": "05_A", 
                    "breakdown": "O", 
                    "comment": "", 
                    "ungrammatical-sentence": "O"
                }, 
                {
                    "annotator-id": "05_B", 
                    "breakdown": "O", 
                    "comment": "", 
                    "ungrammatical-sentence": "O"
                }, 
                {
                    "annotator-id": "06_A", 
                    "breakdown": "O", 
                    "comment": "", 
                    "ungrammatical-sentence": "O"
                }, 
                {
                    "annotator-id": "07_A", 
                    "breakdown": "O", 
                    "comment": "", 
                    "ungrammatical-sentence": "O"
                }, 
                {
                    "annotator-id": "08_A", 
                    "breakdown": "O", 
                    "comment": "", 
                    "ungrammatical-sentence": "O"
                }, 
                {
                    "annotator-id": "08_B", 
                    "breakdown": "O", 
                    "comment": "", 
                    "ungrammatical-sentence": "O"
                }, 
                {
                    "annotator-id": "08_C", 
                    "breakdown": "O", 
                    "comment": "", 
                    "ungrammatical-sentence": "O"
                }, 
                {
                    "annotator-id": "09_A", 
                    "breakdown": "O", 
                    "comment": "", 
                    "ungrammatical-sentence": "O"
                }, 
                {
                    "annotator-id": "09_B", 
                    "breakdown": "O", 
                    "comment": "", 
                    "ungrammatical-sentence": "O"
                }, 
                {
                    "annotator-id": "10_A", 
                    "breakdown": "O", 
                    "comment": "", 
                    "ungrammatical-sentence": "O"
                }, 
                {
                    "annotator-id": "10_B", 
                    "breakdown": "O", 
                    "comment": "", 
                    "ungrammatical-sentence": "O"
                }, 
                {
                    "annotator-id": "11_A", 
                    "breakdown": "T", 
                    "comment": "", 
                    "ungrammatical-sentence": "O"
                }, 
                {
                    "annotator-id": "12_A", 
                    "breakdown": "O", 
                    "comment": "", 
                    "ungrammatical-sentence": "O"
                }, 
                {
                    "annotator-id": "13_A", 
                    "breakdown": "O", 
                    "comment": "", 
                    "ungrammatical-sentence": "O"
                }, 
                {
                    "annotator-id": "13_B", 
                    "breakdown": "O", 
                    "comment": "", 
                    "ungrammatical-sentence": "O"
                }, 
                {
                    "annotator-id": "14_A", 
                    "breakdown": "O", 
                    "comment": "", 
                    "ungrammatical-sentence": "O"
                }, 
                {
                    "annotator-id": "15_A", 
                    "breakdown": "O", 
                    "comment": "", 
                    "ungrammatical-sentence": "O"
                }
            ], 
            "speaker": "S", 
            "time": "2014-08-14 19:23:25", 
            "turn-index": 14, 
            "utterance": "いきたーい"
        }, 
        {
            "annotations": [], 
            "speaker": "U", 
            "time": "2014-08-14 19:23:36", 
            "turn-index": 15, 
            "utterance": "泳ぐのは好きですか"
        }, 
        {
            "annotations": [
                {
                    "annotator-id": "01_A", 
                    "breakdown": "O", 
                    "comment": "", 
                    "ungrammatical-sentence": "O"
                }, 
                {
                    "annotator-id": "01_B", 
                    "breakdown": "O", 
                    "comment": "", 
                    "ungrammatical-sentence": "O"
                }, 
                {
                    "annotator-id": "02_A", 
                    "breakdown": "O", 
                    "comment": "", 
                    "ungrammatical-sentence": "O"
                }, 
                {
                    "annotator-id": "02_B", 
                    "breakdown": "T", 
                    "comment": "", 
                    "ungrammatical-sentence": "O"
                }, 
                {
                    "annotator-id": "03_A", 
                    "breakdown": "O", 
                    "comment": "", 
                    "ungrammatical-sentence": "O"
                }, 
                {
                    "annotator-id": "04_A", 
                    "breakdown": "T", 
                    "comment": "", 
                    "ungrammatical-sentence": "O"
                }, 
                {
                    "annotator-id": "04_B", 
                    "breakdown": "O", 
                    "comment": "", 
                    "ungrammatical-sentence": "O"
                }, 
                {
                    "annotator-id": "05_A", 
                    "breakdown": "T", 
                    "comment": "", 
                    "ungrammatical-sentence": "O"
                }, 
                {
                    "annotator-id": "05_B", 
                    "breakdown": "T", 
                    "comment": "「泳ぐ」に対しての返答ではないが，推論が出来る範囲", 
                    "ungrammatical-sentence": "O"
                }, 
                {
                    "annotator-id": "06_A", 
                    "breakdown": "O", 
                    "comment": "", 
                    "ungrammatical-sentence": "O"
                }, 
                {
                    "annotator-id": "07_A", 
                    "breakdown": "O", 
                    "comment": "", 
                    "ungrammatical-sentence": "O"
                }, 
                {
                    "annotator-id": "08_A", 
                    "breakdown": "O", 
                    "comment": "", 
                    "ungrammatical-sentence": "O"
                }, 
                {
                    "annotator-id": "08_B", 
                    "breakdown": "O", 
                    "comment": "", 
                    "ungrammatical-sentence": "O"
                }, 
                {
                    "annotator-id": "08_C", 
                    "breakdown": "O", 
                    "comment": "", 
                    "ungrammatical-sentence": "O"
                }, 
                {
                    "annotator-id": "09_A", 
                    "breakdown": "T", 
                    "comment": "質問に答えていない", 
                    "ungrammatical-sentence": "O"
                }, 
                {
                    "annotator-id": "09_B", 
                    "breakdown": "O", 
                    "comment": "", 
                    "ungrammatical-sentence": "O"
                }, 
                {
                    "annotator-id": "10_A", 
                    "breakdown": "T", 
                    "comment": "", 
                    "ungrammatical-sentence": "O"
                }, 
                {
                    "annotator-id": "10_B", 
                    "breakdown": "O", 
                    "comment": "", 
                    "ungrammatical-sentence": "O"
                }, 
                {
                    "annotator-id": "11_A", 
                    "breakdown": "T", 
                    "comment": "", 
                    "ungrammatical-sentence": "O"
                }, 
                {
                    "annotator-id": "12_A", 
                    "breakdown": "O", 
                    "comment": "", 
                    "ungrammatical-sentence": "O"
                }, 
                {
                    "annotator-id": "13_A", 
                    "breakdown": "O", 
                    "comment": "", 
                    "ungrammatical-sentence": "O"
                }, 
                {
                    "annotator-id": "13_B", 
                    "breakdown": "X", 
                    "comment": "対話できていない", 
                    "ungrammatical-sentence": "O"
                }, 
                {
                    "annotator-id": "14_A", 
                    "breakdown": "T", 
                    "comment": "", 
                    "ungrammatical-sentence": "O"
                }, 
                {
                    "annotator-id": "15_A", 
                    "breakdown": "O", 
                    "comment": "", 
                    "ungrammatical-sentence": "O"
                }
            ], 
            "speaker": "S", 
            "time": "2014-08-14 19:23:36", 
            "turn-index": 16, 
            "utterance": "海は楽しいですね"
        }, 
        {
            "annotations": [], 
            "speaker": "U", 
            "time": "2014-08-14 19:24:03", 
            "turn-index": 17, 
            "utterance": "海に行ったら、サーフィンをしたいです"
        }, 
        {
            "annotations": [
                {
                    "annotator-id": "01_A", 
                    "breakdown": "O", 
                    "comment": "", 
                    "ungrammatical-sentence": "O"
                }, 
                {
                    "annotator-id": "01_B", 
                    "breakdown": "O", 
                    "comment": "", 
                    "ungrammatical-sentence": "O"
                }, 
                {
                    "annotator-id": "02_A", 
                    "breakdown": "O", 
                    "comment": "", 
                    "ungrammatical-sentence": "O"
                }, 
                {
                    "annotator-id": "02_B", 
                    "breakdown": "T", 
                    "comment": "", 
                    "ungrammatical-sentence": "O"
                }, 
                {
                    "annotator-id": "03_A", 
                    "breakdown": "O", 
                    "comment": "", 
                    "ungrammatical-sentence": "O"
                }, 
                {
                    "annotator-id": "04_A", 
                    "breakdown": "T", 
                    "comment": "", 
                    "ungrammatical-sentence": "O"
                }, 
                {
                    "annotator-id": "04_B", 
                    "breakdown": "X", 
                    "comment": "普通「サーフィン」はするものなので", 
                    "ungrammatical-sentence": "O"
                }, 
                {
                    "annotator-id": "05_A", 
                    "breakdown": "O", 
                    "comment": "", 
                    "ungrammatical-sentence": "O"
                }, 
                {
                    "annotator-id": "05_B", 
                    "breakdown": "O", 
                    "comment": "", 
                    "ungrammatical-sentence": "O"
                }, 
                {
                    "annotator-id": "06_A", 
                    "breakdown": "O", 
                    "comment": "", 
                    "ungrammatical-sentence": "O"
                }, 
                {
                    "annotator-id": "07_A", 
                    "breakdown": "O", 
                    "comment": "", 
                    "ungrammatical-sentence": "O"
                }, 
                {
                    "annotator-id": "08_A", 
                    "breakdown": "O", 
                    "comment": "", 
                    "ungrammatical-sentence": "O"
                }, 
                {
                    "annotator-id": "08_B", 
                    "breakdown": "O", 
                    "comment": "", 
                    "ungrammatical-sentence": "O"
                }, 
                {
                    "annotator-id": "08_C", 
                    "breakdown": "O", 
                    "comment": "", 
                    "ungrammatical-sentence": "O"
                }, 
                {
                    "annotator-id": "09_A", 
                    "breakdown": "O", 
                    "comment": "", 
                    "ungrammatical-sentence": "O"
                }, 
                {
                    "annotator-id": "09_B", 
                    "breakdown": "O", 
                    "comment": "", 
                    "ungrammatical-sentence": "O"
                }, 
                {
                    "annotator-id": "10_A", 
                    "breakdown": "O", 
                    "comment": "", 
                    "ungrammatical-sentence": "O"
                }, 
                {
                    "annotator-id": "10_B", 
                    "breakdown": "O", 
                    "comment": "", 
                    "ungrammatical-sentence": "O"
                }, 
                {
                    "annotator-id": "11_A", 
                    "breakdown": "O", 
                    "comment": "", 
                    "ungrammatical-sentence": "O"
                }, 
                {
                    "annotator-id": "12_A", 
                    "breakdown": "O", 
                    "comment": "", 
                    "ungrammatical-sentence": "O"
                }, 
                {
                    "annotator-id": "13_A", 
                    "breakdown": "O", 
                    "comment": "", 
                    "ungrammatical-sentence": "O"
                }, 
                {
                    "annotator-id": "13_B", 
                    "breakdown": "O", 
                    "comment": "", 
                    "ungrammatical-sentence": "O"
                }, 
                {
                    "annotator-id": "14_A", 
                    "breakdown": "O", 
                    "comment": "", 
                    "ungrammatical-sentence": "O"
                }, 
                {
                    "annotator-id": "15_A", 
                    "breakdown": "O", 
                    "comment": "", 
                    "ungrammatical-sentence": "O"
                }
            ], 
            "speaker": "S", 
            "time": "2014-08-14 19:24:03", 
            "turn-index": 18, 
            "utterance": "サーフィンはするのがおもしろいですね"
        }, 
        {
            "annotations": [], 
            "speaker": "U", 
            "time": "2014-08-14 19:24:23", 
            "turn-index": 19, 
            "utterance": "あなたはサーフィンをするのは好きですか？"
        }, 
        {
            "annotations": [
                {
                    "annotator-id": "01_A", 
                    "breakdown": "O", 
                    "comment": "", 
                    "ungrammatical-sentence": "O"
                }, 
                {
                    "annotator-id": "01_B", 
                    "breakdown": "O", 
                    "comment": "", 
                    "ungrammatical-sentence": "O"
                }, 
                {
                    "annotator-id": "02_A", 
                    "breakdown": "O", 
                    "comment": "", 
                    "ungrammatical-sentence": "O"
                }, 
                {
                    "annotator-id": "02_B", 
                    "breakdown": "T", 
                    "comment": "", 
                    "ungrammatical-sentence": "O"
                }, 
                {
                    "annotator-id": "03_A", 
                    "breakdown": "O", 
                    "comment": "", 
                    "ungrammatical-sentence": "O"
                }, 
                {
                    "annotator-id": "04_A", 
                    "breakdown": "O", 
                    "comment": "", 
                    "ungrammatical-sentence": "O"
                }, 
                {
                    "annotator-id": "04_B", 
                    "breakdown": "O", 
                    "comment": "", 
                    "ungrammatical-sentence": "O"
                }, 
                {
                    "annotator-id": "05_A", 
                    "breakdown": "O", 
                    "comment": "", 
                    "ungrammatical-sentence": "O"
                }, 
                {
                    "annotator-id": "05_B", 
                    "breakdown": "O", 
                    "comment": "", 
                    "ungrammatical-sentence": "O"
                }, 
                {
                    "annotator-id": "06_A", 
                    "breakdown": "O", 
                    "comment": "", 
                    "ungrammatical-sentence": "O"
                }, 
                {
                    "annotator-id": "07_A", 
                    "breakdown": "O", 
                    "comment": "", 
                    "ungrammatical-sentence": "O"
                }, 
                {
                    "annotator-id": "08_A", 
                    "breakdown": "O", 
                    "comment": "", 
                    "ungrammatical-sentence": "O"
                }, 
                {
                    "annotator-id": "08_B", 
                    "breakdown": "O", 
                    "comment": "", 
                    "ungrammatical-sentence": "O"
                }, 
                {
                    "annotator-id": "08_C", 
                    "breakdown": "O", 
                    "comment": "", 
                    "ungrammatical-sentence": "O"
                }, 
                {
                    "annotator-id": "09_A", 
                    "breakdown": "O", 
                    "comment": "", 
                    "ungrammatical-sentence": "O"
                }, 
                {
                    "annotator-id": "09_B", 
                    "breakdown": "O", 
                    "comment": "", 
                    "ungrammatical-sentence": "O"
                }, 
                {
                    "annotator-id": "10_A", 
                    "breakdown": "O", 
                    "comment": "", 
                    "ungrammatical-sentence": "O"
                }, 
                {
                    "annotator-id": "10_B", 
                    "breakdown": "O", 
                    "comment": "", 
                    "ungrammatical-sentence": "O"
                }, 
                {
                    "annotator-id": "11_A", 
                    "breakdown": "O", 
                    "comment": "", 
                    "ungrammatical-sentence": "O"
                }, 
                {
                    "annotator-id": "12_A", 
                    "breakdown": "O", 
                    "comment": "", 
                    "ungrammatical-sentence": "O"
                }, 
                {
                    "annotator-id": "13_A", 
                    "breakdown": "O", 
                    "comment": "", 
                    "ungrammatical-sentence": "O"
                }, 
                {
                    "annotator-id": "13_B", 
                    "breakdown": "O", 
                    "comment": "", 
                    "ungrammatical-sentence": "O"
                }, 
                {
                    "annotator-id": "14_A", 
                    "breakdown": "O", 
                    "comment": "", 
                    "ungrammatical-sentence": "O"
                }, 
                {
                    "annotator-id": "15_A", 
                    "breakdown": "O", 
                    "comment": "", 
                    "ungrammatical-sentence": "O"
                }
            ], 
            "speaker": "S", 
            "time": "2014-08-14 19:24:23", 
            "turn-index": 20, 
            "utterance": "サーフィンは楽しいですね"
        }
    ]
}