{
    "dialogue-id": "1409292560", 
    "group-id": "init100", 
    "speaker-id": "07_07", 
    "turns": [
        {
            "annotations": [
                {
                    "annotator-id": "01_A", 
                    "breakdown": "O", 
                    "comment": "", 
                    "ungrammatical-sentence": "O"
                }, 
                {
                    "annotator-id": "01_B", 
                    "breakdown": "O", 
                    "comment": "", 
                    "ungrammatical-sentence": "O"
                }, 
                {
                    "annotator-id": "02_A", 
                    "breakdown": "O", 
                    "comment": "", 
                    "ungrammatical-sentence": "O"
                }, 
                {
                    "annotator-id": "02_B", 
                    "breakdown": "O", 
                    "comment": "", 
                    "ungrammatical-sentence": "O"
                }, 
                {
                    "annotator-id": "03_A", 
                    "breakdown": "O", 
                    "comment": "", 
                    "ungrammatical-sentence": "O"
                }, 
                {
                    "annotator-id": "04_A", 
                    "breakdown": "O", 
                    "comment": "", 
                    "ungrammatical-sentence": "O"
                }, 
                {
                    "annotator-id": "04_B", 
                    "breakdown": "O", 
                    "comment": "", 
                    "ungrammatical-sentence": "O"
                }, 
                {
                    "annotator-id": "05_A", 
                    "breakdown": "O", 
                    "comment": "", 
                    "ungrammatical-sentence": "O"
                }, 
                {
                    "annotator-id": "05_B", 
                    "breakdown": "O", 
                    "comment": "", 
                    "ungrammatical-sentence": "O"
                }, 
                {
                    "annotator-id": "06_A", 
                    "breakdown": "O", 
                    "comment": "", 
                    "ungrammatical-sentence": "O"
                }, 
                {
                    "annotator-id": "07_A", 
                    "breakdown": "O", 
                    "comment": "", 
                    "ungrammatical-sentence": "O"
                }, 
                {
                    "annotator-id": "08_A", 
                    "breakdown": "O", 
                    "comment": "", 
                    "ungrammatical-sentence": "O"
                }, 
                {
                    "annotator-id": "08_B", 
                    "breakdown": "O", 
                    "comment": "", 
                    "ungrammatical-sentence": "O"
                }, 
                {
                    "annotator-id": "08_C", 
                    "breakdown": "O", 
                    "comment": "", 
                    "ungrammatical-sentence": "O"
                }, 
                {
                    "annotator-id": "09_A", 
                    "breakdown": "O", 
                    "comment": "", 
                    "ungrammatical-sentence": "O"
                }, 
                {
                    "annotator-id": "09_B", 
                    "breakdown": "O", 
                    "comment": "", 
                    "ungrammatical-sentence": "O"
                }, 
                {
                    "annotator-id": "10_A", 
                    "breakdown": "O", 
                    "comment": "", 
                    "ungrammatical-sentence": "O"
                }, 
                {
                    "annotator-id": "10_B", 
                    "breakdown": "O", 
                    "comment": "", 
                    "ungrammatical-sentence": "O"
                }, 
                {
                    "annotator-id": "11_A", 
                    "breakdown": "O", 
                    "comment": "", 
                    "ungrammatical-sentence": "O"
                }, 
                {
                    "annotator-id": "12_A", 
                    "breakdown": "O", 
                    "comment": "", 
                    "ungrammatical-sentence": "O"
                }, 
                {
                    "annotator-id": "13_A", 
                    "breakdown": "O", 
                    "comment": "", 
                    "ungrammatical-sentence": "O"
                }, 
                {
                    "annotator-id": "13_B", 
                    "breakdown": "O", 
                    "comment": "", 
                    "ungrammatical-sentence": "O"
                }, 
                {
                    "annotator-id": "14_A", 
                    "breakdown": "O", 
                    "comment": "", 
                    "ungrammatical-sentence": "O"
                }, 
                {
                    "annotator-id": "15_A", 
                    "breakdown": "O", 
                    "comment": "", 
                    "ungrammatical-sentence": "O"
                }
            ], 
            "speaker": "S", 
            "time": "2014-08-29 15:06:18", 
            "turn-index": 0, 
            "utterance": "こんにちは！夏といえばスイカだね。"
        }, 
        {
            "annotations": [], 
            "speaker": "U", 
            "time": "2014-08-29 15:06:39", 
            "turn-index": 1, 
            "utterance": "冬瓜もおいしいよ！"
        }, 
        {
            "annotations": [
                {
                    "annotator-id": "01_A", 
                    "breakdown": "O", 
                    "comment": "", 
                    "ungrammatical-sentence": "O"
                }, 
                {
                    "annotator-id": "01_B", 
                    "breakdown": "O", 
                    "comment": "", 
                    "ungrammatical-sentence": "O"
                }, 
                {
                    "annotator-id": "02_A", 
                    "breakdown": "O", 
                    "comment": "", 
                    "ungrammatical-sentence": "O"
                }, 
                {
                    "annotator-id": "02_B", 
                    "breakdown": "O", 
                    "comment": "", 
                    "ungrammatical-sentence": "O"
                }, 
                {
                    "annotator-id": "03_A", 
                    "breakdown": "O", 
                    "comment": "", 
                    "ungrammatical-sentence": "O"
                }, 
                {
                    "annotator-id": "04_A", 
                    "breakdown": "O", 
                    "comment": "", 
                    "ungrammatical-sentence": "O"
                }, 
                {
                    "annotator-id": "04_B", 
                    "breakdown": "O", 
                    "comment": "", 
                    "ungrammatical-sentence": "O"
                }, 
                {
                    "annotator-id": "05_A", 
                    "breakdown": "O", 
                    "comment": "", 
                    "ungrammatical-sentence": "O"
                }, 
                {
                    "annotator-id": "05_B", 
                    "breakdown": "O", 
                    "comment": "", 
                    "ungrammatical-sentence": "O"
                }, 
                {
                    "annotator-id": "06_A", 
                    "breakdown": "O", 
                    "comment": "", 
                    "ungrammatical-sentence": "O"
                }, 
                {
                    "annotator-id": "07_A", 
                    "breakdown": "O", 
                    "comment": "", 
                    "ungrammatical-sentence": "O"
                }, 
                {
                    "annotator-id": "08_A", 
                    "breakdown": "O", 
                    "comment": "", 
                    "ungrammatical-sentence": "O"
                }, 
                {
                    "annotator-id": "08_B", 
                    "breakdown": "O", 
                    "comment": "", 
                    "ungrammatical-sentence": "O"
                }, 
                {
                    "annotator-id": "08_C", 
                    "breakdown": "O", 
                    "comment": "", 
                    "ungrammatical-sentence": "O"
                }, 
                {
                    "annotator-id": "09_A", 
                    "breakdown": "O", 
                    "comment": "", 
                    "ungrammatical-sentence": "O"
                }, 
                {
                    "annotator-id": "09_B", 
                    "breakdown": "O", 
                    "comment": "", 
                    "ungrammatical-sentence": "O"
                }, 
                {
                    "annotator-id": "10_A", 
                    "breakdown": "O", 
                    "comment": "", 
                    "ungrammatical-sentence": "O"
                }, 
                {
                    "annotator-id": "10_B", 
                    "breakdown": "O", 
                    "comment": "", 
                    "ungrammatical-sentence": "O"
                }, 
                {
                    "annotator-id": "11_A", 
                    "breakdown": "O", 
                    "comment": "", 
                    "ungrammatical-sentence": "O"
                }, 
                {
                    "annotator-id": "12_A", 
                    "breakdown": "O", 
                    "comment": "", 
                    "ungrammatical-sentence": "O"
                }, 
                {
                    "annotator-id": "13_A", 
                    "breakdown": "O", 
                    "comment": "", 
                    "ungrammatical-sentence": "O"
                }, 
                {
                    "annotator-id": "13_B", 
                    "breakdown": "O", 
                    "comment": "", 
                    "ungrammatical-sentence": "O"
                }, 
                {
                    "annotator-id": "14_A", 
                    "breakdown": "O", 
                    "comment": "", 
                    "ungrammatical-sentence": "O"
                }, 
                {
                    "annotator-id": "15_A", 
                    "breakdown": "O", 
                    "comment": "", 
                    "ungrammatical-sentence": "O"
                }
            ], 
            "speaker": "S", 
            "time": "2014-08-29 15:06:39", 
            "turn-index": 2, 
            "utterance": "冬瓜の煮物おいしい"
        }, 
        {
            "annotations": [], 
            "speaker": "U", 
            "time": "2014-08-29 15:06:48", 
            "turn-index": 3, 
            "utterance": "おいしい！"
        }, 
        {
            "annotations": [
                {
                    "annotator-id": "01_A", 
                    "breakdown": "O", 
                    "comment": "", 
                    "ungrammatical-sentence": "O"
                }, 
                {
                    "annotator-id": "01_B", 
                    "breakdown": "O", 
                    "comment": "", 
                    "ungrammatical-sentence": "O"
                }, 
                {
                    "annotator-id": "02_A", 
                    "breakdown": "O", 
                    "comment": "", 
                    "ungrammatical-sentence": "O"
                }, 
                {
                    "annotator-id": "02_B", 
                    "breakdown": "O", 
                    "comment": "", 
                    "ungrammatical-sentence": "O"
                }, 
                {
                    "annotator-id": "03_A", 
                    "breakdown": "O", 
                    "comment": "", 
                    "ungrammatical-sentence": "O"
                }, 
                {
                    "annotator-id": "04_A", 
                    "breakdown": "O", 
                    "comment": "", 
                    "ungrammatical-sentence": "O"
                }, 
                {
                    "annotator-id": "04_B", 
                    "breakdown": "O", 
                    "comment": "", 
                    "ungrammatical-sentence": "O"
                }, 
                {
                    "annotator-id": "05_A", 
                    "breakdown": "O", 
                    "comment": "", 
                    "ungrammatical-sentence": "O"
                }, 
                {
                    "annotator-id": "05_B", 
                    "breakdown": "O", 
                    "comment": "", 
                    "ungrammatical-sentence": "O"
                }, 
                {
                    "annotator-id": "06_A", 
                    "breakdown": "O", 
                    "comment": "", 
                    "ungrammatical-sentence": "O"
                }, 
                {
                    "annotator-id": "07_A", 
                    "breakdown": "O", 
                    "comment": "", 
                    "ungrammatical-sentence": "O"
                }, 
                {
                    "annotator-id": "08_A", 
                    "breakdown": "O", 
                    "comment": "", 
                    "ungrammatical-sentence": "O"
                }, 
                {
                    "annotator-id": "08_B", 
                    "breakdown": "O", 
                    "comment": "", 
                    "ungrammatical-sentence": "O"
                }, 
                {
                    "annotator-id": "08_C", 
                    "breakdown": "O", 
                    "comment": "", 
                    "ungrammatical-sentence": "O"
                }, 
                {
                    "annotator-id": "09_A", 
                    "breakdown": "O", 
                    "comment": "", 
                    "ungrammatical-sentence": "O"
                }, 
                {
                    "annotator-id": "09_B", 
                    "breakdown": "O", 
                    "comment": "", 
                    "ungrammatical-sentence": "O"
                }, 
                {
                    "annotator-id": "10_A", 
                    "breakdown": "O", 
                    "comment": "", 
                    "ungrammatical-sentence": "O"
                }, 
                {
                    "annotator-id": "10_B", 
                    "breakdown": "O", 
                    "comment": "", 
                    "ungrammatical-sentence": "O"
                }, 
                {
                    "annotator-id": "11_A", 
                    "breakdown": "O", 
                    "comment": "", 
                    "ungrammatical-sentence": "O"
                }, 
                {
                    "annotator-id": "12_A", 
                    "breakdown": "O", 
                    "comment": "", 
                    "ungrammatical-sentence": "O"
                }, 
                {
                    "annotator-id": "13_A", 
                    "breakdown": "O", 
                    "comment": "", 
                    "ungrammatical-sentence": "O"
                }, 
                {
                    "annotator-id": "13_B", 
                    "breakdown": "O", 
                    "comment": "", 
                    "ungrammatical-sentence": "O"
                }, 
                {
                    "annotator-id": "14_A", 
                    "breakdown": "O", 
                    "comment": "", 
                    "ungrammatical-sentence": "O"
                }, 
                {
                    "annotator-id": "15_A", 
                    "breakdown": "O", 
                    "comment": "", 
                    "ungrammatical-sentence": "O"
                }
            ], 
            "speaker": "S", 
            "time": "2014-08-29 15:06:48", 
            "turn-index": 4, 
            "utterance": "うまかった"
        }, 
        {
            "annotations": [], 
            "speaker": "U", 
            "time": "2014-08-29 15:06:59", 
            "turn-index": 5, 
            "utterance": "誰が作ったの？"
        }, 
        {
            "annotations": [
                {
                    "annotator-id": "01_A", 
                    "breakdown": "O", 
                    "comment": "", 
                    "ungrammatical-sentence": "O"
                }, 
                {
                    "annotator-id": "01_B", 
                    "breakdown": "O", 
                    "comment": "", 
                    "ungrammatical-sentence": "O"
                }, 
                {
                    "annotator-id": "02_A", 
                    "breakdown": "O", 
                    "comment": "", 
                    "ungrammatical-sentence": "O"
                }, 
                {
                    "annotator-id": "02_B", 
                    "breakdown": "O", 
                    "comment": "", 
                    "ungrammatical-sentence": "O"
                }, 
                {
                    "annotator-id": "03_A", 
                    "breakdown": "T", 
                    "comment": "", 
                    "ungrammatical-sentence": "O"
                }, 
                {
                    "annotator-id": "04_A", 
                    "breakdown": "T", 
                    "comment": "", 
                    "ungrammatical-sentence": "O"
                }, 
                {
                    "annotator-id": "04_B", 
                    "breakdown": "O", 
                    "comment": "", 
                    "ungrammatical-sentence": "O"
                }, 
                {
                    "annotator-id": "05_A", 
                    "breakdown": "X", 
                    "comment": "", 
                    "ungrammatical-sentence": "O"
                }, 
                {
                    "annotator-id": "05_B", 
                    "breakdown": "X", 
                    "comment": "Whoに答えていない", 
                    "ungrammatical-sentence": "O"
                }, 
                {
                    "annotator-id": "06_A", 
                    "breakdown": "O", 
                    "comment": "", 
                    "ungrammatical-sentence": "O"
                }, 
                {
                    "annotator-id": "07_A", 
                    "breakdown": "O", 
                    "comment": "", 
                    "ungrammatical-sentence": "O"
                }, 
                {
                    "annotator-id": "08_A", 
                    "breakdown": "O", 
                    "comment": "", 
                    "ungrammatical-sentence": "O"
                }, 
                {
                    "annotator-id": "08_B", 
                    "breakdown": "O", 
                    "comment": "", 
                    "ungrammatical-sentence": "O"
                }, 
                {
                    "annotator-id": "08_C", 
                    "breakdown": "O", 
                    "comment": "", 
                    "ungrammatical-sentence": "O"
                }, 
                {
                    "annotator-id": "09_A", 
                    "breakdown": "O", 
                    "comment": "", 
                    "ungrammatical-sentence": "O"
                }, 
                {
                    "annotator-id": "09_B", 
                    "breakdown": "O", 
                    "comment": "", 
                    "ungrammatical-sentence": "O"
                }, 
                {
                    "annotator-id": "10_A", 
                    "breakdown": "T", 
                    "comment": "", 
                    "ungrammatical-sentence": "O"
                }, 
                {
                    "annotator-id": "10_B", 
                    "breakdown": "O", 
                    "comment": "", 
                    "ungrammatical-sentence": "O"
                }, 
                {
                    "annotator-id": "11_A", 
                    "breakdown": "T", 
                    "comment": "", 
                    "ungrammatical-sentence": "O"
                }, 
                {
                    "annotator-id": "12_A", 
                    "breakdown": "O", 
                    "comment": "", 
                    "ungrammatical-sentence": "O"
                }, 
                {
                    "annotator-id": "13_A", 
                    "breakdown": "O", 
                    "comment": "", 
                    "ungrammatical-sentence": "O"
                }, 
                {
                    "annotator-id": "13_B", 
                    "breakdown": "T", 
                    "comment": "すこしずれているような気がする", 
                    "ungrammatical-sentence": "O"
                }, 
                {
                    "annotator-id": "14_A", 
                    "breakdown": "X", 
                    "comment": "", 
                    "ungrammatical-sentence": "O"
                }, 
                {
                    "annotator-id": "15_A", 
                    "breakdown": "O", 
                    "comment": "", 
                    "ungrammatical-sentence": "O"
                }
            ], 
            "speaker": "S", 
            "time": "2014-08-29 15:06:59", 
            "turn-index": 6, 
            "utterance": "冬瓜は家庭で食べるのです"
        }, 
        {
            "annotations": [], 
            "speaker": "U", 
            "time": "2014-08-29 15:07:10", 
            "turn-index": 7, 
            "utterance": "僕もだよ"
        }, 
        {
            "annotations": [
                {
                    "annotator-id": "01_A", 
                    "breakdown": "O", 
                    "comment": "", 
                    "ungrammatical-sentence": "O"
                }, 
                {
                    "annotator-id": "01_B", 
                    "breakdown": "O", 
                    "comment": "", 
                    "ungrammatical-sentence": "O"
                }, 
                {
                    "annotator-id": "02_A", 
                    "breakdown": "O", 
                    "comment": "", 
                    "ungrammatical-sentence": "O"
                }, 
                {
                    "annotator-id": "02_B", 
                    "breakdown": "O", 
                    "comment": "", 
                    "ungrammatical-sentence": "O"
                }, 
                {
                    "annotator-id": "03_A", 
                    "breakdown": "O", 
                    "comment": "", 
                    "ungrammatical-sentence": "O"
                }, 
                {
                    "annotator-id": "04_A", 
                    "breakdown": "T", 
                    "comment": "", 
                    "ungrammatical-sentence": "O"
                }, 
                {
                    "annotator-id": "04_B", 
                    "breakdown": "O", 
                    "comment": "", 
                    "ungrammatical-sentence": "O"
                }, 
                {
                    "annotator-id": "05_A", 
                    "breakdown": "O", 
                    "comment": "", 
                    "ungrammatical-sentence": "O"
                }, 
                {
                    "annotator-id": "05_B", 
                    "breakdown": "O", 
                    "comment": "", 
                    "ungrammatical-sentence": "O"
                }, 
                {
                    "annotator-id": "06_A", 
                    "breakdown": "O", 
                    "comment": "", 
                    "ungrammatical-sentence": "O"
                }, 
                {
                    "annotator-id": "07_A", 
                    "breakdown": "O", 
                    "comment": "", 
                    "ungrammatical-sentence": "O"
                }, 
                {
                    "annotator-id": "08_A", 
                    "breakdown": "O", 
                    "comment": "", 
                    "ungrammatical-sentence": "O"
                }, 
                {
                    "annotator-id": "08_B", 
                    "breakdown": "O", 
                    "comment": "", 
                    "ungrammatical-sentence": "O"
                }, 
                {
                    "annotator-id": "08_C", 
                    "breakdown": "O", 
                    "comment": "", 
                    "ungrammatical-sentence": "O"
                }, 
                {
                    "annotator-id": "09_A", 
                    "breakdown": "O", 
                    "comment": "", 
                    "ungrammatical-sentence": "O"
                }, 
                {
                    "annotator-id": "09_B", 
                    "breakdown": "O", 
                    "comment": "", 
                    "ungrammatical-sentence": "O"
                }, 
                {
                    "annotator-id": "10_A", 
                    "breakdown": "T", 
                    "comment": "", 
                    "ungrammatical-sentence": "O"
                }, 
                {
                    "annotator-id": "10_B", 
                    "breakdown": "O", 
                    "comment": "", 
                    "ungrammatical-sentence": "O"
                }, 
                {
                    "annotator-id": "11_A", 
                    "breakdown": "O", 
                    "comment": "", 
                    "ungrammatical-sentence": "O"
                }, 
                {
                    "annotator-id": "12_A", 
                    "breakdown": "O", 
                    "comment": "", 
                    "ungrammatical-sentence": "O"
                }, 
                {
                    "annotator-id": "13_A", 
                    "breakdown": "O", 
                    "comment": "", 
                    "ungrammatical-sentence": "O"
                }, 
                {
                    "annotator-id": "13_B", 
                    "breakdown": "O", 
                    "comment": "", 
                    "ungrammatical-sentence": "O"
                }, 
                {
                    "annotator-id": "14_A", 
                    "breakdown": "O", 
                    "comment": "", 
                    "ungrammatical-sentence": "O"
                }, 
                {
                    "annotator-id": "15_A", 
                    "breakdown": "O", 
                    "comment": "", 
                    "ungrammatical-sentence": "O"
                }
            ], 
            "speaker": "S", 
            "time": "2014-08-29 15:07:10", 
            "turn-index": 8, 
            "utterance": "ねー"
        }, 
        {
            "annotations": [], 
            "speaker": "U", 
            "time": "2014-08-29 15:07:21", 
            "turn-index": 9, 
            "utterance": "ところで君は誰？"
        }, 
        {
            "annotations": [
                {
                    "annotator-id": "01_A", 
                    "breakdown": "O", 
                    "comment": "", 
                    "ungrammatical-sentence": "O"
                }, 
                {
                    "annotator-id": "01_B", 
                    "breakdown": "O", 
                    "comment": "", 
                    "ungrammatical-sentence": "O"
                }, 
                {
                    "annotator-id": "02_A", 
                    "breakdown": "X", 
                    "comment": "", 
                    "ungrammatical-sentence": "O"
                }, 
                {
                    "annotator-id": "02_B", 
                    "breakdown": "T", 
                    "comment": "", 
                    "ungrammatical-sentence": "O"
                }, 
                {
                    "annotator-id": "03_A", 
                    "breakdown": "O", 
                    "comment": "", 
                    "ungrammatical-sentence": "O"
                }, 
                {
                    "annotator-id": "04_A", 
                    "breakdown": "T", 
                    "comment": "", 
                    "ungrammatical-sentence": "O"
                }, 
                {
                    "annotator-id": "04_B", 
                    "breakdown": "X", 
                    "comment": "", 
                    "ungrammatical-sentence": "O"
                }, 
                {
                    "annotator-id": "05_A", 
                    "breakdown": "O", 
                    "comment": "", 
                    "ungrammatical-sentence": "O"
                }, 
                {
                    "annotator-id": "05_B", 
                    "breakdown": "X", 
                    "comment": "名前を答えていない", 
                    "ungrammatical-sentence": "O"
                }, 
                {
                    "annotator-id": "06_A", 
                    "breakdown": "T", 
                    "comment": "", 
                    "ungrammatical-sentence": "O"
                }, 
                {
                    "annotator-id": "07_A", 
                    "breakdown": "X", 
                    "comment": "", 
                    "ungrammatical-sentence": "O"
                }, 
                {
                    "annotator-id": "08_A", 
                    "breakdown": "O", 
                    "comment": "", 
                    "ungrammatical-sentence": "O"
                }, 
                {
                    "annotator-id": "08_B", 
                    "breakdown": "T", 
                    "comment": "", 
                    "ungrammatical-sentence": "O"
                }, 
                {
                    "annotator-id": "08_C", 
                    "breakdown": "T", 
                    "comment": "", 
                    "ungrammatical-sentence": "O"
                }, 
                {
                    "annotator-id": "09_A", 
                    "breakdown": "T", 
                    "comment": "さも、知り合いのように話していたのだとしたらありだとして△", 
                    "ungrammatical-sentence": "O"
                }, 
                {
                    "annotator-id": "09_B", 
                    "breakdown": "T", 
                    "comment": "質問に答えられていない", 
                    "ungrammatical-sentence": "O"
                }, 
                {
                    "annotator-id": "10_A", 
                    "breakdown": "X", 
                    "comment": "", 
                    "ungrammatical-sentence": "O"
                }, 
                {
                    "annotator-id": "10_B", 
                    "breakdown": "O", 
                    "comment": "", 
                    "ungrammatical-sentence": "O"
                }, 
                {
                    "annotator-id": "11_A", 
                    "breakdown": "X", 
                    "comment": "", 
                    "ungrammatical-sentence": "O"
                }, 
                {
                    "annotator-id": "12_A", 
                    "breakdown": "X", 
                    "comment": "ユーザの質問を無視", 
                    "ungrammatical-sentence": "O"
                }, 
                {
                    "annotator-id": "13_A", 
                    "breakdown": "O", 
                    "comment": "", 
                    "ungrammatical-sentence": "O"
                }, 
                {
                    "annotator-id": "13_B", 
                    "breakdown": "X", 
                    "comment": "対話が成立していない", 
                    "ungrammatical-sentence": "O"
                }, 
                {
                    "annotator-id": "14_A", 
                    "breakdown": "X", 
                    "comment": "", 
                    "ungrammatical-sentence": "O"
                }, 
                {
                    "annotator-id": "15_A", 
                    "breakdown": "T", 
                    "comment": "質問無視", 
                    "ungrammatical-sentence": "O"
                }
            ], 
            "speaker": "S", 
            "time": "2014-08-29 15:07:21", 
            "turn-index": 10, 
            "utterance": "ですよね！"
        }, 
        {
            "annotations": [], 
            "speaker": "U", 
            "time": "2014-08-29 15:07:30", 
            "turn-index": 11, 
            "utterance": "君は誰？"
        }, 
        {
            "annotations": [
                {
                    "annotator-id": "01_A", 
                    "breakdown": "O", 
                    "comment": "", 
                    "ungrammatical-sentence": "O"
                }, 
                {
                    "annotator-id": "01_B", 
                    "breakdown": "O", 
                    "comment": "", 
                    "ungrammatical-sentence": "O"
                }, 
                {
                    "annotator-id": "02_A", 
                    "breakdown": "O", 
                    "comment": "", 
                    "ungrammatical-sentence": "O"
                }, 
                {
                    "annotator-id": "02_B", 
                    "breakdown": "O", 
                    "comment": "", 
                    "ungrammatical-sentence": "O"
                }, 
                {
                    "annotator-id": "03_A", 
                    "breakdown": "O", 
                    "comment": "", 
                    "ungrammatical-sentence": "O"
                }, 
                {
                    "annotator-id": "04_A", 
                    "breakdown": "O", 
                    "comment": "", 
                    "ungrammatical-sentence": "O"
                }, 
                {
                    "annotator-id": "04_B", 
                    "breakdown": "O", 
                    "comment": "", 
                    "ungrammatical-sentence": "O"
                }, 
                {
                    "annotator-id": "05_A", 
                    "breakdown": "O", 
                    "comment": "", 
                    "ungrammatical-sentence": "O"
                }, 
                {
                    "annotator-id": "05_B", 
                    "breakdown": "O", 
                    "comment": "", 
                    "ungrammatical-sentence": "O"
                }, 
                {
                    "annotator-id": "06_A", 
                    "breakdown": "O", 
                    "comment": "", 
                    "ungrammatical-sentence": "O"
                }, 
                {
                    "annotator-id": "07_A", 
                    "breakdown": "O", 
                    "comment": "", 
                    "ungrammatical-sentence": "O"
                }, 
                {
                    "annotator-id": "08_A", 
                    "breakdown": "O", 
                    "comment": "", 
                    "ungrammatical-sentence": "O"
                }, 
                {
                    "annotator-id": "08_B", 
                    "breakdown": "O", 
                    "comment": "", 
                    "ungrammatical-sentence": "O"
                }, 
                {
                    "annotator-id": "08_C", 
                    "breakdown": "O", 
                    "comment": "", 
                    "ungrammatical-sentence": "O"
                }, 
                {
                    "annotator-id": "09_A", 
                    "breakdown": "O", 
                    "comment": "", 
                    "ungrammatical-sentence": "O"
                }, 
                {
                    "annotator-id": "09_B", 
                    "breakdown": "O", 
                    "comment": "", 
                    "ungrammatical-sentence": "O"
                }, 
                {
                    "annotator-id": "10_A", 
                    "breakdown": "O", 
                    "comment": "", 
                    "ungrammatical-sentence": "O"
                }, 
                {
                    "annotator-id": "10_B", 
                    "breakdown": "O", 
                    "comment": "", 
                    "ungrammatical-sentence": "O"
                }, 
                {
                    "annotator-id": "11_A", 
                    "breakdown": "O", 
                    "comment": "", 
                    "ungrammatical-sentence": "O"
                }, 
                {
                    "annotator-id": "12_A", 
                    "breakdown": "O", 
                    "comment": "", 
                    "ungrammatical-sentence": "O"
                }, 
                {
                    "annotator-id": "13_A", 
                    "breakdown": "O", 
                    "comment": "", 
                    "ungrammatical-sentence": "O"
                }, 
                {
                    "annotator-id": "13_B", 
                    "breakdown": "O", 
                    "comment": "", 
                    "ungrammatical-sentence": "O"
                }, 
                {
                    "annotator-id": "14_A", 
                    "breakdown": "O", 
                    "comment": "", 
                    "ungrammatical-sentence": "O"
                }, 
                {
                    "annotator-id": "15_A", 
                    "breakdown": "O", 
                    "comment": "", 
                    "ungrammatical-sentence": "O"
                }
            ], 
            "speaker": "S", 
            "time": "2014-08-29 15:07:30", 
            "turn-index": 12, 
            "utterance": "堀越二郎です"
        }, 
        {
            "annotations": [], 
            "speaker": "U", 
            "time": "2014-08-29 15:07:47", 
            "turn-index": 13, 
            "utterance": "堀越二郎は何者？"
        }, 
        {
            "annotations": [
                {
                    "annotator-id": "01_A", 
                    "breakdown": "O", 
                    "comment": "", 
                    "ungrammatical-sentence": "O"
                }, 
                {
                    "annotator-id": "01_B", 
                    "breakdown": "O", 
                    "comment": "", 
                    "ungrammatical-sentence": "O"
                }, 
                {
                    "annotator-id": "02_A", 
                    "breakdown": "O", 
                    "comment": "", 
                    "ungrammatical-sentence": "O"
                }, 
                {
                    "annotator-id": "02_B", 
                    "breakdown": "O", 
                    "comment": "", 
                    "ungrammatical-sentence": "O"
                }, 
                {
                    "annotator-id": "03_A", 
                    "breakdown": "O", 
                    "comment": "", 
                    "ungrammatical-sentence": "O"
                }, 
                {
                    "annotator-id": "04_A", 
                    "breakdown": "O", 
                    "comment": "", 
                    "ungrammatical-sentence": "O"
                }, 
                {
                    "annotator-id": "04_B", 
                    "breakdown": "O", 
                    "comment": "", 
                    "ungrammatical-sentence": "O"
                }, 
                {
                    "annotator-id": "05_A", 
                    "breakdown": "O", 
                    "comment": "んー、、、。", 
                    "ungrammatical-sentence": "O"
                }, 
                {
                    "annotator-id": "05_B", 
                    "breakdown": "O", 
                    "comment": "", 
                    "ungrammatical-sentence": "O"
                }, 
                {
                    "annotator-id": "06_A", 
                    "breakdown": "O", 
                    "comment": "", 
                    "ungrammatical-sentence": "O"
                }, 
                {
                    "annotator-id": "07_A", 
                    "breakdown": "O", 
                    "comment": "", 
                    "ungrammatical-sentence": "O"
                }, 
                {
                    "annotator-id": "08_A", 
                    "breakdown": "O", 
                    "comment": "", 
                    "ungrammatical-sentence": "O"
                }, 
                {
                    "annotator-id": "08_B", 
                    "breakdown": "O", 
                    "comment": "", 
                    "ungrammatical-sentence": "O"
                }, 
                {
                    "annotator-id": "08_C", 
                    "breakdown": "O", 
                    "comment": "", 
                    "ungrammatical-sentence": "O"
                }, 
                {
                    "annotator-id": "09_A", 
                    "breakdown": "O", 
                    "comment": "", 
                    "ungrammatical-sentence": "O"
                }, 
                {
                    "annotator-id": "09_B", 
                    "breakdown": "O", 
                    "comment": "", 
                    "ungrammatical-sentence": "O"
                }, 
                {
                    "annotator-id": "10_A", 
                    "breakdown": "X", 
                    "comment": "", 
                    "ungrammatical-sentence": "O"
                }, 
                {
                    "annotator-id": "10_B", 
                    "breakdown": "O", 
                    "comment": "", 
                    "ungrammatical-sentence": "O"
                }, 
                {
                    "annotator-id": "11_A", 
                    "breakdown": "O", 
                    "comment": "", 
                    "ungrammatical-sentence": "O"
                }, 
                {
                    "annotator-id": "12_A", 
                    "breakdown": "O", 
                    "comment": "", 
                    "ungrammatical-sentence": "O"
                }, 
                {
                    "annotator-id": "13_A", 
                    "breakdown": "O", 
                    "comment": "", 
                    "ungrammatical-sentence": "O"
                }, 
                {
                    "annotator-id": "13_B", 
                    "breakdown": "O", 
                    "comment": "", 
                    "ungrammatical-sentence": "O"
                }, 
                {
                    "annotator-id": "14_A", 
                    "breakdown": "O", 
                    "comment": "", 
                    "ungrammatical-sentence": "O"
                }, 
                {
                    "annotator-id": "15_A", 
                    "breakdown": "O", 
                    "comment": "", 
                    "ungrammatical-sentence": "O"
                }
            ], 
            "speaker": "S", 
            "time": "2014-08-29 15:07:47", 
            "turn-index": 14, 
            "utterance": "堀越二郎は防衛大学校の教員ですね"
        }, 
        {
            "annotations": [], 
            "speaker": "U", 
            "time": "2014-08-29 15:08:03", 
            "turn-index": 15, 
            "utterance": "防衛大学校はどこにあるの？"
        }, 
        {
            "annotations": [
                {
                    "annotator-id": "01_A", 
                    "breakdown": "T", 
                    "comment": "", 
                    "ungrammatical-sentence": "O"
                }, 
                {
                    "annotator-id": "01_B", 
                    "breakdown": "O", 
                    "comment": "", 
                    "ungrammatical-sentence": "O"
                }, 
                {
                    "annotator-id": "02_A", 
                    "breakdown": "O", 
                    "comment": "", 
                    "ungrammatical-sentence": "O"
                }, 
                {
                    "annotator-id": "02_B", 
                    "breakdown": "X", 
                    "comment": "", 
                    "ungrammatical-sentence": "O"
                }, 
                {
                    "annotator-id": "03_A", 
                    "breakdown": "X", 
                    "comment": "", 
                    "ungrammatical-sentence": "O"
                }, 
                {
                    "annotator-id": "04_A", 
                    "breakdown": "X", 
                    "comment": "", 
                    "ungrammatical-sentence": "O"
                }, 
                {
                    "annotator-id": "04_B", 
                    "breakdown": "X", 
                    "comment": "", 
                    "ungrammatical-sentence": "O"
                }, 
                {
                    "annotator-id": "05_A", 
                    "breakdown": "X", 
                    "comment": "", 
                    "ungrammatical-sentence": "O"
                }, 
                {
                    "annotator-id": "05_B", 
                    "breakdown": "T", 
                    "comment": "答え方として伝聞ではない", 
                    "ungrammatical-sentence": "O"
                }, 
                {
                    "annotator-id": "06_A", 
                    "breakdown": "T", 
                    "comment": "", 
                    "ungrammatical-sentence": "O"
                }, 
                {
                    "annotator-id": "07_A", 
                    "breakdown": "X", 
                    "comment": "", 
                    "ungrammatical-sentence": "O"
                }, 
                {
                    "annotator-id": "08_A", 
                    "breakdown": "T", 
                    "comment": "", 
                    "ungrammatical-sentence": "O"
                }, 
                {
                    "annotator-id": "08_B", 
                    "breakdown": "T", 
                    "comment": "", 
                    "ungrammatical-sentence": "O"
                }, 
                {
                    "annotator-id": "08_C", 
                    "breakdown": "T", 
                    "comment": "", 
                    "ungrammatical-sentence": "O"
                }, 
                {
                    "annotator-id": "09_A", 
                    "breakdown": "T", 
                    "comment": "質問に答えていない。自分の事なのにようですはおかしい", 
                    "ungrammatical-sentence": "O"
                }, 
                {
                    "annotator-id": "09_B", 
                    "breakdown": "T", 
                    "comment": "質問に答えられていない", 
                    "ungrammatical-sentence": "O"
                }, 
                {
                    "annotator-id": "10_A", 
                    "breakdown": "X", 
                    "comment": "", 
                    "ungrammatical-sentence": "O"
                }, 
                {
                    "annotator-id": "10_B", 
                    "breakdown": "T", 
                    "comment": "", 
                    "ungrammatical-sentence": "O"
                }, 
                {
                    "annotator-id": "11_A", 
                    "breakdown": "T", 
                    "comment": "", 
                    "ungrammatical-sentence": "O"
                }, 
                {
                    "annotator-id": "12_A", 
                    "breakdown": "T", 
                    "comment": "", 
                    "ungrammatical-sentence": "O"
                }, 
                {
                    "annotator-id": "13_A", 
                    "breakdown": "T", 
                    "comment": "答えてくれない", 
                    "ungrammatical-sentence": "O"
                }, 
                {
                    "annotator-id": "13_B", 
                    "breakdown": "X", 
                    "comment": "ユーザの発言無視", 
                    "ungrammatical-sentence": "O"
                }, 
                {
                    "annotator-id": "14_A", 
                    "breakdown": "T", 
                    "comment": "", 
                    "ungrammatical-sentence": "O"
                }, 
                {
                    "annotator-id": "15_A", 
                    "breakdown": "O", 
                    "comment": "", 
                    "ungrammatical-sentence": "O"
                }
            ], 
            "speaker": "S", 
            "time": "2014-08-29 15:08:03", 
            "turn-index": 16, 
            "utterance": "防衛大学校に勤めてるようです"
        }, 
        {
            "annotations": [], 
            "speaker": "U", 
            "time": "2014-08-29 15:08:43", 
            "turn-index": 17, 
            "utterance": "そうなんだー"
        }, 
        {
            "annotations": [
                {
                    "annotator-id": "01_A", 
                    "breakdown": "O", 
                    "comment": "", 
                    "ungrammatical-sentence": "O"
                }, 
                {
                    "annotator-id": "01_B", 
                    "breakdown": "O", 
                    "comment": "", 
                    "ungrammatical-sentence": "O"
                }, 
                {
                    "annotator-id": "02_A", 
                    "breakdown": "O", 
                    "comment": "", 
                    "ungrammatical-sentence": "O"
                }, 
                {
                    "annotator-id": "02_B", 
                    "breakdown": "O", 
                    "comment": "", 
                    "ungrammatical-sentence": "O"
                }, 
                {
                    "annotator-id": "03_A", 
                    "breakdown": "O", 
                    "comment": "", 
                    "ungrammatical-sentence": "O"
                }, 
                {
                    "annotator-id": "04_A", 
                    "breakdown": "O", 
                    "comment": "", 
                    "ungrammatical-sentence": "O"
                }, 
                {
                    "annotator-id": "04_B", 
                    "breakdown": "O", 
                    "comment": "", 
                    "ungrammatical-sentence": "O"
                }, 
                {
                    "annotator-id": "05_A", 
                    "breakdown": "O", 
                    "comment": "", 
                    "ungrammatical-sentence": "O"
                }, 
                {
                    "annotator-id": "05_B", 
                    "breakdown": "O", 
                    "comment": "", 
                    "ungrammatical-sentence": "O"
                }, 
                {
                    "annotator-id": "06_A", 
                    "breakdown": "O", 
                    "comment": "", 
                    "ungrammatical-sentence": "O"
                }, 
                {
                    "annotator-id": "07_A", 
                    "breakdown": "O", 
                    "comment": "", 
                    "ungrammatical-sentence": "O"
                }, 
                {
                    "annotator-id": "08_A", 
                    "breakdown": "O", 
                    "comment": "", 
                    "ungrammatical-sentence": "O"
                }, 
                {
                    "annotator-id": "08_B", 
                    "breakdown": "O", 
                    "comment": "", 
                    "ungrammatical-sentence": "O"
                }, 
                {
                    "annotator-id": "08_C", 
                    "breakdown": "O", 
                    "comment": "", 
                    "ungrammatical-sentence": "O"
                }, 
                {
                    "annotator-id": "09_A", 
                    "breakdown": "O", 
                    "comment": "", 
                    "ungrammatical-sentence": "O"
                }, 
                {
                    "annotator-id": "09_B", 
                    "breakdown": "O", 
                    "comment": "", 
                    "ungrammatical-sentence": "O"
                }, 
                {
                    "annotator-id": "10_A", 
                    "breakdown": "O", 
                    "comment": "", 
                    "ungrammatical-sentence": "O"
                }, 
                {
                    "annotator-id": "10_B", 
                    "breakdown": "O", 
                    "comment": "", 
                    "ungrammatical-sentence": "O"
                }, 
                {
                    "annotator-id": "11_A", 
                    "breakdown": "O", 
                    "comment": "", 
                    "ungrammatical-sentence": "O"
                }, 
                {
                    "annotator-id": "12_A", 
                    "breakdown": "O", 
                    "comment": "", 
                    "ungrammatical-sentence": "O"
                }, 
                {
                    "annotator-id": "13_A", 
                    "breakdown": "O", 
                    "comment": "", 
                    "ungrammatical-sentence": "O"
                }, 
                {
                    "annotator-id": "13_B", 
                    "breakdown": "O", 
                    "comment": "", 
                    "ungrammatical-sentence": "O"
                }, 
                {
                    "annotator-id": "14_A", 
                    "breakdown": "O", 
                    "comment": "", 
                    "ungrammatical-sentence": "O"
                }, 
                {
                    "annotator-id": "15_A", 
                    "breakdown": "O", 
                    "comment": "", 
                    "ungrammatical-sentence": "O"
                }
            ], 
            "speaker": "S", 
            "time": "2014-08-29 15:08:43", 
            "turn-index": 18, 
            "utterance": "はい"
        }, 
        {
            "annotations": [], 
            "speaker": "U", 
            "time": "2014-08-29 15:09:17", 
            "turn-index": 19, 
            "utterance": "防衛大学校は何を勉強するの？"
        }, 
        {
            "annotations": [
                {
                    "annotator-id": "01_A", 
                    "breakdown": "T", 
                    "comment": "", 
                    "ungrammatical-sentence": "O"
                }, 
                {
                    "annotator-id": "01_B", 
                    "breakdown": "O", 
                    "comment": "", 
                    "ungrammatical-sentence": "O"
                }, 
                {
                    "annotator-id": "02_A", 
                    "breakdown": "X", 
                    "comment": "", 
                    "ungrammatical-sentence": "O"
                }, 
                {
                    "annotator-id": "02_B", 
                    "breakdown": "X", 
                    "comment": "", 
                    "ungrammatical-sentence": "O"
                }, 
                {
                    "annotator-id": "03_A", 
                    "breakdown": "X", 
                    "comment": "", 
                    "ungrammatical-sentence": "O"
                }, 
                {
                    "annotator-id": "04_A", 
                    "breakdown": "X", 
                    "comment": "", 
                    "ungrammatical-sentence": "O"
                }, 
                {
                    "annotator-id": "04_B", 
                    "breakdown": "X", 
                    "comment": "", 
                    "ungrammatical-sentence": "O"
                }, 
                {
                    "annotator-id": "05_A", 
                    "breakdown": "X", 
                    "comment": "", 
                    "ungrammatical-sentence": "O"
                }, 
                {
                    "annotator-id": "05_B", 
                    "breakdown": "X", 
                    "comment": "何を勉強しているのかを答えていない", 
                    "ungrammatical-sentence": "O"
                }, 
                {
                    "annotator-id": "06_A", 
                    "breakdown": "T", 
                    "comment": "", 
                    "ungrammatical-sentence": "O"
                }, 
                {
                    "annotator-id": "07_A", 
                    "breakdown": "X", 
                    "comment": "", 
                    "ungrammatical-sentence": "O"
                }, 
                {
                    "annotator-id": "08_A", 
                    "breakdown": "T", 
                    "comment": "", 
                    "ungrammatical-sentence": "O"
                }, 
                {
                    "annotator-id": "08_B", 
                    "breakdown": "T", 
                    "comment": "", 
                    "ungrammatical-sentence": "O"
                }, 
                {
                    "annotator-id": "08_C", 
                    "breakdown": "T", 
                    "comment": "", 
                    "ungrammatical-sentence": "O"
                }, 
                {
                    "annotator-id": "09_A", 
                    "breakdown": "X", 
                    "comment": "質問に答えていない。通うは働くのか学びに行くのか分からなくなったので×", 
                    "ungrammatical-sentence": "O"
                }, 
                {
                    "annotator-id": "09_B", 
                    "breakdown": "T", 
                    "comment": "質問に答えられていない", 
                    "ungrammatical-sentence": "O"
                }, 
                {
                    "annotator-id": "10_A", 
                    "breakdown": "X", 
                    "comment": "", 
                    "ungrammatical-sentence": "O"
                }, 
                {
                    "annotator-id": "10_B", 
                    "breakdown": "T", 
                    "comment": "", 
                    "ungrammatical-sentence": "O"
                }, 
                {
                    "annotator-id": "11_A", 
                    "breakdown": "T", 
                    "comment": "", 
                    "ungrammatical-sentence": "O"
                }, 
                {
                    "annotator-id": "12_A", 
                    "breakdown": "T", 
                    "comment": "", 
                    "ungrammatical-sentence": "O"
                }, 
                {
                    "annotator-id": "13_A", 
                    "breakdown": "T", 
                    "comment": "答えてくれない", 
                    "ungrammatical-sentence": "O"
                }, 
                {
                    "annotator-id": "13_B", 
                    "breakdown": "X", 
                    "comment": "ユーザの発言無視", 
                    "ungrammatical-sentence": "O"
                }, 
                {
                    "annotator-id": "14_A", 
                    "breakdown": "T", 
                    "comment": "", 
                    "ungrammatical-sentence": "O"
                }, 
                {
                    "annotator-id": "15_A", 
                    "breakdown": "T", 
                    "comment": "質問無視", 
                    "ungrammatical-sentence": "O"
                }
            ], 
            "speaker": "S", 
            "time": "2014-08-29 15:09:17", 
            "turn-index": 20, 
            "utterance": "防衛大学校に通うのです"
        }
    ]
}